ISO3,Country,Residence Type,Service Type,Year,Coverage,Population,Service level
BWA,Botswana,rural,Drinking water,2000,53.99472,423694.454,At least basic
BWA,Botswana,rural,Drinking water,2001,54.01961,424904.8684,At least basic
BWA,Botswana,rural,Drinking water,2002,54.0445,428381.4883,At least basic
BWA,Botswana,rural,Drinking water,2003,54.06939,431779.9288,At least basic
BWA,Botswana,rural,Drinking water,2004,54.09428,435132.6966,At least basic
BWA,Botswana,rural,Drinking water,2005,54.11917,438677.1454,At least basic
BWA,Botswana,rural,Drinking water,2006,55.79435,456001.0489,At least basic
BWA,Botswana,rural,Drinking water,2007,57.47104,462113.4056,At least basic
BWA,Botswana,rural,Drinking water,2008,59.14925,467769.9523,At least basic
BWA,Botswana,rural,Drinking water,2009,60.82898,473016.2484,At least basic
BWA,Botswana,rural,Drinking water,2010,62.51022,477706.7108,At least basic
BWA,Botswana,rural,Drinking water,2011,64.19298,480979.9731,At least basic
BWA,Botswana,rural,Drinking water,2012,65.87726,489407.4496,At least basic
BWA,Botswana,rural,Drinking water,2013,67.56306,497935.6835,At least basic
BWA,Botswana,rural,Drinking water,2014,69.25037,505875.2154,At least basic
BWA,Botswana,rural,Drinking water,2015,70.9392,513362.2176,At least basic
BWA,Botswana,rural,Drinking water,2016,72.62955,520481.9683,At least basic
BWA,Botswana,rural,Drinking water,2017,74.32141,527304.404,At least basic
BWA,Botswana,rural,Drinking water,2018,76.0148,533988.4678,At least basic
BWA,Botswana,rural,Drinking water,2019,77.7097,540559.3392,At least basic
BWA,Botswana,rural,Drinking water,2020,77.74521,535679.5572,At least basic
BWA,Botswana,rural,Drinking water,2021,77.78072,531218.8411,At least basic
BWA,Botswana,rural,Drinking water,2022,77.81623,527364.1099,At least basic
BWA,Botswana,rural,Drinking water,2024,77.88726,520562.5451,At least basic
KEN,Kenya,total,Drinking water,2000,45.36002,13899621.78,At least basic
KEN,Kenya,rural,Drinking water,2000,35.41687,8693921.945,At least basic
KEN,Kenya,urban,Drinking water,2000,85.40257,5205699.837,At least basic
KEN,Kenya,total,Drinking water,2001,46.23005,14617558.26,At least basic
KEN,Kenya,rural,Drinking water,2001,36.25368,9143093.412,At least basic
KEN,Kenya,urban,Drinking water,2001,85.54648,5474465.151,At least basic
KEN,Kenya,total,Drinking water,2002,47.09799,15367982.1,At least basic
KEN,Kenya,rural,Drinking water,2002,37.09083,9610605.212,At least basic
KEN,Kenya,urban,Drinking water,2002,85.69051,5757376.738,At least basic
KEN,Kenya,total,Drinking water,2003,47.96372,16140858.38,At least basic
KEN,Kenya,rural,Drinking water,2003,37.9283,10089973.15,At least basic
KEN,Kenya,urban,Drinking water,2003,85.83464,6050885.477,At least basic
KEN,Kenya,total,Drinking water,2004,48.82715,16949590.47,At least basic
KEN,Kenya,rural,Drinking water,2004,38.76611,10589356.32,At least basic
KEN,Kenya,urban,Drinking water,2004,85.97889,6360234.313,At least basic
KEN,Kenya,total,Drinking water,2005,49.68723,17786282.62,At least basic
KEN,Kenya,rural,Drinking water,2005,39.60424,11104077.05,At least basic
KEN,Kenya,urban,Drinking water,2005,86.12324,6682205.944,At least basic
KEN,Kenya,total,Drinking water,2006,50.54483,18653067.96,At least basic
KEN,Kenya,rural,Drinking water,2006,40.44271,11634768.14,At least basic
KEN,Kenya,urban,Drinking water,2006,86.26771,7018299.774,At least basic
KEN,Kenya,total,Drinking water,2007,51.39982,19550616.79,At least basic
KEN,Kenya,rural,Drinking water,2007,41.2815,12181593.5,At least basic
KEN,Kenya,urban,Drinking water,2007,86.41229,7369023.431,At least basic
KEN,Kenya,total,Drinking water,2008,52.25212,20486148.64,At least basic
KEN,Kenya,rural,Drinking water,2008,42.12063,12748777.98,At least basic
KEN,Kenya,urban,Drinking water,2008,86.55699,7737370.481,At least basic
KEN,Kenya,total,Drinking water,2009,53.10073,21457414.3,At least basic
KEN,Kenya,rural,Drinking water,2009,42.96009,13335196.35,At least basic
KEN,Kenya,urban,Drinking water,2009,86.70179,8122217.624,At least basic
KEN,Kenya,total,Drinking water,2010,53.94644,22440946.87,At least basic
KEN,Kenya,rural,Drinking water,2010,43.79987,13925454.64,At least basic
KEN,Kenya,urban,Drinking water,2010,86.84671,8515491.524,At least basic
KEN,Kenya,total,Drinking water,2011,54.79128,23427907.75,At least basic
KEN,Kenya,rural,Drinking water,2011,44.63999,14512320.46,At least basic
KEN,Kenya,urban,Drinking water,2011,86.99173,8915588.024,At least basic
KEN,Kenya,total,Drinking water,2012,55.63461,24417086.28,At least basic
KEN,Kenya,rural,Drinking water,2012,45.48044,15094998,At least basic
KEN,Kenya,urban,Drinking water,2012,87.13687,9322088.456,At least basic
KEN,Kenya,total,Drinking water,2013,56.47706,25407218.59,At least basic
KEN,Kenya,rural,Drinking water,2013,46.32121,15671747.28,At least basic
KEN,Kenya,urban,Drinking water,2013,87.28213,9735470.215,At least basic
KEN,Kenya,total,Drinking water,2014,57.3176,26395580.79,At least basic
KEN,Kenya,rural,Drinking water,2014,47.16232,16241198.54,At least basic
KEN,Kenya,urban,Drinking water,2014,87.42749,10154382.13,At least basic
KEN,Kenya,total,Drinking water,2015,58.15643,27385003.62,At least basic
KEN,Kenya,rural,Drinking water,2015,48.00376,16804461.58,At least basic
KEN,Kenya,urban,Drinking water,2015,87.57297,10580542.95,At least basic
KEN,Kenya,total,Drinking water,2016,58.99333,28399205.87,At least basic
KEN,Kenya,rural,Drinking water,2016,48.84553,17375734.28,At least basic
KEN,Kenya,urban,Drinking water,2016,87.71855,11023472.14,At least basic
KEN,Kenya,total,Drinking water,2017,59.8281,29434089.87,At least basic
KEN,Kenya,rural,Drinking water,2017,49.68763,17952068.61,At least basic
KEN,Kenya,urban,Drinking water,2017,87.86425,11482021.39,At least basic
KEN,Kenya,total,Drinking water,2018,60.6609,30456084.38,At least basic
KEN,Kenya,rural,Drinking water,2018,50.53006,18512254.54,At least basic
KEN,Kenya,urban,Drinking water,2018,88.01006,11943828.94,At least basic
KEN,Kenya,total,Drinking water,2019,61.49076,31485009.44,At least basic
KEN,Kenya,rural,Drinking water,2019,51.37282,19068800.56,At least basic
KEN,Kenya,urban,Drinking water,2019,88.15599,12416208.18,At least basic
KEN,Kenya,total,Drinking water,2020,62.31821,32540908.85,At least basic
KEN,Kenya,rural,Drinking water,2020,52.21591,19632706.77,At least basic
KEN,Kenya,urban,Drinking water,2020,88.30202,12908203.04,At least basic
KEN,Kenya,total,Drinking water,2021,63.14267,33604001.53,At least basic
KEN,Kenya,rural,Drinking water,2021,53.05933,20191953.82,At least basic
KEN,Kenya,urban,Drinking water,2021,88.44817,13412046.52,At least basic
KEN,Kenya,total,Drinking water,2022,63.96426,34702186.28,At least basic
KEN,Kenya,rural,Drinking water,2022,53.90308,20762475.52,At least basic
KEN,Kenya,urban,Drinking water,2022,88.59443,13939710.86,At least basic
KEN,Kenya,total,Drinking water,2024,65.5966,37018090.77,At least basic
KEN,Kenya,rural,Drinking water,2024,55.59157,21944998.31,At least basic
KEN,Kenya,urban,Drinking water,2024,88.88728,15073090.23,At least basic
NER,Niger,total,Drinking water,2000,36.54791,4206528.755,At least basic
NER,Niger,rural,Drinking water,2000,25.99178,2507344.341,At least basic
NER,Niger,urban,Drinking water,2000,91.20939,1699184.311,At least basic
NER,Niger,total,Drinking water,2001,37.35881,4453412.273,At least basic
NER,Niger,rural,Drinking water,2001,26.9318,2688426.786,At least basic
NER,Niger,urban,Drinking water,2001,91.05857,1764985.575,At least basic
NER,Niger,total,Drinking water,2002,38.11154,4706448.589,At least basic
NER,Niger,rural,Drinking water,2002,27.86395,2881631.233,At least basic
NER,Niger,urban,Drinking water,2002,90.90663,1824817.358,At least basic
NER,Niger,total,Drinking water,2003,38.85821,4972678.903,At least basic
NER,Niger,rural,Drinking water,2003,28.78822,3085332.931,At least basic
NER,Niger,urban,Drinking water,2003,90.75359,1887345.871,At least basic
NER,Niger,total,Drinking water,2004,39.59819,5253031.597,At least basic
NER,Niger,rural,Drinking water,2004,29.70461,3300341.777,At least basic
NER,Niger,urban,Drinking water,2004,90.59943,1952689.787,At least basic
NER,Niger,total,Drinking water,2005,40.33089,5547994.685,At least basic
NER,Niger,rural,Drinking water,2005,30.61313,3527218.072,At least basic
NER,Niger,urban,Drinking water,2005,90.44416,2020776.607,At least basic
NER,Niger,total,Drinking water,2006,41.0575,5858322.999,At least basic
NER,Niger,rural,Drinking water,2006,31.51378,3766416.368,At least basic
NER,Niger,urban,Drinking water,2006,90.28779,2091906.692,At least basic
NER,Niger,total,Drinking water,2007,41.77742,6184566.949,At least basic
NER,Niger,rural,Drinking water,2007,32.40655,4018539.35,At least basic
NER,Niger,urban,Drinking water,2007,90.1303,2166027.712,At least basic
NER,Niger,total,Drinking water,2008,42.49009,6527291.156,At least basic
NER,Niger,rural,Drinking water,2008,33.29145,4284219.727,At least basic
NER,Niger,urban,Drinking water,2008,89.97171,2243071.488,At least basic
NER,Niger,total,Drinking water,2009,43.19663,6887130.643,At least basic
NER,Niger,rural,Drinking water,2009,34.16847,4563818.764,At least basic
NER,Niger,urban,Drinking water,2009,89.81201,2323312.033,At least basic
NER,Niger,total,Drinking water,2010,43.89648,7264356.45,At least basic
NER,Niger,rural,Drinking water,2010,35.03761,4857771.884,At least basic
NER,Niger,urban,Drinking water,2010,89.65119,2406584.504,At least basic
NER,Niger,total,Drinking water,2011,44.5891,7658750.215,At least basic
NER,Niger,rural,Drinking water,2011,35.89889,5166200.484,At least basic
NER,Niger,urban,Drinking water,2011,89.48927,2492549.97,At least basic
NER,Niger,total,Drinking water,2012,45.27557,8075699.363,At least basic
NER,Niger,rural,Drinking water,2012,36.75228,5492655.179,At least basic
NER,Niger,urban,Drinking water,2012,89.32624,2583044.067,At least basic
NER,Niger,total,Drinking water,2013,45.95534,8510882.772,At least basic
NER,Niger,rural,Drinking water,2013,37.59781,5834499.955,At least basic
NER,Niger,urban,Drinking water,2013,89.16209,2676383.247,At least basic
NER,Niger,total,Drinking water,2014,46.636,8961531.953,At least basic
NER,Niger,rural,Drinking water,2014,38.43545,6187831.445,At least basic
NER,Niger,urban,Drinking water,2014,88.99684,2773700.86,At least basic
NER,Niger,total,Drinking water,2015,47.31809,9434989.852,At least basic
NER,Niger,rural,Drinking water,2015,39.26522,6557264.201,At least basic
NER,Niger,urban,Drinking water,2015,88.83048,2877725.745,At least basic
NER,Niger,total,Drinking water,2016,48.00013,9929188.678,At least basic
NER,Niger,rural,Drinking water,2016,40.08712,6941503.645,At least basic
NER,Niger,urban,Drinking water,2016,88.663,2987685.51,At least basic
NER,Niger,total,Drinking water,2017,48.68264,10435341.81,At least basic
NER,Niger,rural,Drinking water,2017,40.90114,7333881.936,At least basic
NER,Niger,urban,Drinking water,2017,88.49442,3101459.868,At least basic
NER,Niger,total,Drinking water,2018,49.3642,10952963.82,At least basic
NER,Niger,rural,Drinking water,2018,41.70729,7734065.937,At least basic
NER,Niger,urban,Drinking water,2018,88.32473,3218897.923,At least basic
NER,Niger,total,Drinking water,2019,50.04531,11484275.27,At least basic
NER,Niger,rural,Drinking water,2019,42.50556,8142993.394,At least basic
NER,Niger,urban,Drinking water,2019,88.15393,3341281.636,At least basic
NER,Niger,total,Drinking water,2020,50.72547,12030869.83,At least basic
NER,Niger,rural,Drinking water,2020,43.29596,8561483.122,At least basic
NER,Niger,urban,Drinking water,2020,87.98202,3469386.565,At least basic
NER,Niger,total,Drinking water,2021,51.40379,12595027.42,At least basic
NER,Niger,rural,Drinking water,2021,44.07849,8991035.268,At least basic
NER,Niger,urban,Drinking water,2021,87.809,3603991.654,At least basic
NER,Niger,total,Drinking water,2022,52.08068,13182647.3,At least basic
NER,Niger,rural,Drinking water,2022,44.85313,9435201.303,At least basic
NER,Niger,urban,Drinking water,2022,87.63487,3747446.112,At least basic
NER,Niger,total,Drinking water,2024,53.42747,14442732.63,At least basic
NER,Niger,rural,Drinking water,2024,46.37881,10376880.45,At least basic
NER,Niger,urban,Drinking water,2024,87.28328,4065851.395,At least basic
SSD,South Sudan,total,Drinking water,2011,40.29792,4145894.075,At least basic
SSD,South Sudan,rural,Drinking water,2011,37.3947,3153479.368,At least basic
SSD,South Sudan,urban,Drinking water,2011,53.49507,992414.7307,At least basic
SSD,South Sudan,total,Drinking water,2012,40.31822,4336724.559,At least basic
SSD,South Sudan,rural,Drinking water,2012,37.13875,3267012.223,At least basic
SSD,South Sudan,urban,Drinking water,2012,54.59209,1069712.599,At least basic
SSD,South Sudan,total,Drinking water,2013,40.317,4501907.501,At least basic
SSD,South Sudan,rural,Drinking water,2013,36.84491,3356573.602,At least basic
SSD,South Sudan,urban,Drinking water,2013,55.6996,1145333.934,At least basic
SSD,South Sudan,total,Drinking water,2014,40.2951,4527183.86,At least basic
SSD,South Sudan,rural,Drinking water,2014,36.5132,3338193.217,At least basic
SSD,South Sudan,urban,Drinking water,2014,56.81759,1188990.397,At least basic
SSD,South Sudan,total,Drinking water,2015,40.25382,4471217.06,At least basic
SSD,South Sudan,rural,Drinking water,2015,36.14362,3257828.199,At least basic
SSD,South Sudan,urban,Drinking water,2015,57.94607,1213389.1,At least basic
SSD,South Sudan,total,Drinking water,2016,40.19393,4353043.08,At least basic
SSD,South Sudan,rural,Drinking water,2016,35.73616,3131352.118,At least basic
SSD,South Sudan,urban,Drinking water,2016,59.08502,1221690.919,At least basic
SSD,South Sudan,total,Drinking water,2017,40.11642,4115605.529,At least basic
SSD,South Sudan,rural,Drinking water,2017,35.29083,2920110.599,At least basic
SSD,South Sudan,urban,Drinking water,2017,60.23446,1195494.964,At least basic
SSD,South Sudan,total,Drinking water,2018,40.02261,4051479.849,At least basic
SSD,South Sudan,rural,Drinking water,2018,34.80762,2832419.625,At least basic
SSD,South Sudan,urban,Drinking water,2018,61.39438,1219060.262,At least basic
SSD,South Sudan,total,Drinking water,2019,39.91362,4160350.277,At least basic
SSD,South Sudan,rural,Drinking water,2019,34.28654,2862663.64,At least basic
SSD,South Sudan,urban,Drinking water,2019,62.56478,1297686.933,At least basic
SSD,South Sudan,total,Drinking water,2020,39.79093,4257019.867,At least basic
SSD,South Sudan,rural,Drinking water,2020,33.72758,2879486.86,At least basic
SSD,South Sudan,urban,Drinking water,2020,63.74566,1377533.148,At least basic
SSD,South Sudan,total,Drinking water,2021,39.65549,4308878.503,At least basic
SSD,South Sudan,rural,Drinking water,2021,33.13075,2861427.993,At least basic
SSD,South Sudan,urban,Drinking water,2021,64.93703,1447450.306,At least basic
SSD,South Sudan,total,Drinking water,2022,39.50923,4354382.037,At least basic
SSD,South Sudan,rural,Drinking water,2022,32.49604,2834858.024,At least basic
SSD,South Sudan,urban,Drinking water,2022,66.13888,1519523.893,At least basic
SSD,South Sudan,total,Drinking water,2024,39.74944,4747437.693,At least basic
SSD,South Sudan,rural,Drinking water,2024,32.49604,3044362.293,At least basic
SSD,South Sudan,urban,Drinking water,2024,66.13888,1703075.356,At least basic
BWA,Botswana,total,Drinking water,2000,16.26257,272785.4763,Basic service
BWA,Botswana,urban,Drinking water,2000,10.19562,91014.87103,Basic service
BWA,Botswana,total,Drinking water,2001,16.15209,276564.841,Basic service
BWA,Botswana,urban,Drinking water,2001,10.18441,94274.95266,Basic service
BWA,Botswana,total,Drinking water,2002,16.08483,280642.2173,Basic service
BWA,Botswana,urban,Drinking water,2002,10.1732,96860.82808,Basic service
BWA,Botswana,total,Drinking water,2003,16.02374,284539.3334,Basic service
BWA,Botswana,urban,Drinking water,2003,10.162,99299.94981,Basic service
BWA,Botswana,total,Drinking water,2004,15.96245,288464.7082,Basic service
BWA,Botswana,urban,Drinking water,2004,10.15079,101786.9485,Basic service
BWA,Botswana,total,Drinking water,2005,15.90134,292565.1414,Basic service
BWA,Botswana,urban,Drinking water,2005,10.13958,104366.7757,Basic service
BWA,Botswana,total,Drinking water,2006,15.6887,294087.1329,Basic service
BWA,Botswana,urban,Drinking water,2006,10.66346,112736.9759,Basic service
BWA,Botswana,total,Drinking water,2007,15.30867,292579.4003,Basic service
BWA,Botswana,urban,Drinking water,2007,11.73958,129971.3196,Basic service
BWA,Botswana,total,Drinking water,2008,14.90339,290611.6698,Basic service
BWA,Botswana,urban,Drinking water,2008,12.81329,148524.0226,Basic service
BWA,Botswana,total,Drinking water,2009,14.47508,288151.5001,Basic service
BWA,Botswana,urban,Drinking water,2009,13.88459,168427.9557,Basic service
BWA,Botswana,total,Drinking water,2010,14.02352,285113.7179,Basic service
BWA,Botswana,urban,Drinking water,2010,14.95348,189745.5457,Basic service
BWA,Botswana,total,Drinking water,2011,13.54998,280963.6801,Basic service
BWA,Botswana,urban,Drinking water,2011,16.01996,212146.4748,Basic service
BWA,Botswana,total,Drinking water,2012,14.67284,309393.9006,Basic service
BWA,Botswana,urban,Drinking water,2012,17.08403,233318.1634,Basic service
BWA,Botswana,total,Drinking water,2013,16.2281,347391.9302,Basic service
BWA,Botswana,urban,Drinking water,2013,18.14569,254708.8859,Basic service
BWA,Botswana,total,Drinking water,2014,17.76165,385790.7721,Basic service
BWA,Botswana,urban,Drinking water,2014,19.20494,276847.3453,Basic service
BWA,Botswana,total,Drinking water,2015,19.27366,424651.2774,Basic service
BWA,Botswana,urban,Drinking water,2015,20.26178,299794.8662,Basic service
BWA,Botswana,total,Drinking water,2016,20.76436,464037.0287,Basic service
BWA,Botswana,urban,Drinking water,2016,21.3162,323612.0374,Basic service
BWA,Botswana,total,Drinking water,2017,22.234,503988.5975,Basic service
BWA,Botswana,urban,Drinking water,2017,22.36822,348330.2667,Basic service
BWA,Botswana,total,Drinking water,2018,23.68298,544505.0936,Basic service
BWA,Botswana,urban,Drinking water,2018,23.41783,373903.4141,Basic service
BWA,Botswana,total,Drinking water,2019,25.11199,585632.4492,Basic service
BWA,Botswana,urban,Drinking water,2019,24.46502,400362.5913,Basic service
BWA,Botswana,total,Drinking water,2020,25.78679,610088.0021,Basic service
BWA,Botswana,urban,Drinking water,2020,25.15531,421822.9665,Basic service
BWA,Botswana,total,Drinking water,2021,26.46109,635447.3748,Basic service
BWA,Botswana,urban,Drinking water,2021,25.84398,444121.3271,Basic service
BWA,Botswana,total,Drinking water,2022,27.13479,662059.4876,Basic service
BWA,Botswana,urban,Drinking water,2022,26.53103,467526.573,Basic service
BWA,Botswana,total,Drinking water,2024,28.48032,718028.5504,Basic service
BWA,Botswana,urban,Drinking water,2024,27.90031,516932.6975,Basic service
COD,Democratic Republic of the Congo,total,Drinking water,2000,25.33756,12797351.82,Basic service
COD,Democratic Republic of the Congo,rural,Drinking water,2000,18.941,6206628.791,Basic service
COD,Democratic Republic of the Congo,urban,Drinking water,2000,37.15339,6590722.894,Basic service
COD,Democratic Republic of the Congo,total,Drinking water,2001,25.30868,13194086.32,Basic service
COD,Democratic Republic of the Congo,rural,Drinking water,2001,18.76687,6301951.366,Basic service
COD,Democratic Republic of the Congo,urban,Drinking water,2001,37.14947,6892135.599,Basic service
COD,Democratic Republic of the Congo,total,Drinking water,2002,25.27619,13586082.42,Basic service
COD,Democratic Republic of the Congo,rural,Drinking water,2002,18.58506,6387829.951,Basic service
COD,Democratic Republic of the Congo,urban,Drinking water,2002,37.14316,7198251.894,Basic service
COD,Democratic Republic of the Congo,total,Drinking water,2003,25.24015,13968876.35,Basic service
COD,Democratic Republic of the Congo,rural,Drinking water,2003,18.3956,6462182.139,Basic service
COD,Democratic Republic of the Congo,urban,Drinking water,2003,37.13446,7506694.017,Basic service
COD,Democratic Republic of the Congo,total,Drinking water,2004,25.20067,14363814.93,Basic service
COD,Democratic Republic of the Congo,rural,Drinking water,2004,18.19846,6534807.705,Basic service
COD,Democratic Republic of the Congo,urban,Drinking water,2004,37.12336,7829007.01,Basic service
COD,Democratic Republic of the Congo,total,Drinking water,2005,25.15861,14787154.82,Basic service
COD,Democratic Republic of the Congo,rural,Drinking water,2005,17.99366,6611948.873,Basic service
COD,Democratic Republic of the Congo,urban,Drinking water,2005,37.10987,8175205.205,Basic service
COD,Democratic Republic of the Congo,total,Drinking water,2006,25.11445,15223354.49,Basic service
COD,Democratic Republic of the Congo,rural,Drinking water,2006,17.78119,6685628.187,Basic service
COD,Democratic Republic of the Congo,urban,Drinking water,2006,37.09399,8537726.549,Basic service
COD,Democratic Republic of the Congo,total,Drinking water,2007,25.06835,15662140.25,Basic service
COD,Democratic Republic of the Congo,rural,Drinking water,2007,17.56105,6750918.809,Basic service
COD,Democratic Republic of the Congo,urban,Drinking water,2007,37.07573,8911221.823,Basic service
COD,Democratic Republic of the Congo,total,Drinking water,2008,25.02002,16110559.17,Basic service
COD,Democratic Republic of the Congo,rural,Drinking water,2008,17.33325,6810886.423,Basic service
COD,Democratic Republic of the Congo,urban,Drinking water,2008,37.05506,9299673.172,Basic service
COD,Democratic Republic of the Congo,total,Drinking water,2009,24.97001,16583090.73,Basic service
COD,Democratic Republic of the Congo,rural,Drinking water,2009,17.09778,6870788.889,Basic service
COD,Democratic Republic of the Congo,urban,Drinking water,2009,37.03201,9712302.562,Basic service
COD,Democratic Republic of the Congo,total,Drinking water,2010,24.91803,17084558.23,Basic service
COD,Democratic Republic of the Congo,rural,Drinking water,2010,16.85465,6932132.128,Basic service
COD,Democratic Republic of the Congo,urban,Drinking water,2010,37.00656,10152426.34,Basic service
COD,Democratic Republic of the Congo,total,Drinking water,2011,24.86463,17616420.21,Basic service
COD,Democratic Republic of the Congo,rural,Drinking water,2011,16.60384,6994231.01,Basic service
COD,Democratic Republic of the Congo,urban,Drinking water,2011,36.97871,10622188.84,Basic service
COD,Democratic Republic of the Congo,total,Drinking water,2012,24.80954,18174136.4,Basic service
COD,Democratic Republic of the Congo,rural,Drinking water,2012,16.34538,7054689.375,Basic service
COD,Democratic Republic of the Congo,urban,Drinking water,2012,36.94848,11119447.03,Basic service
COD,Democratic Republic of the Congo,total,Drinking water,2013,24.7529,18760071.08,Basic service
COD,Democratic Republic of the Congo,rural,Drinking water,2013,16.07924,7113542.757,Basic service
COD,Democratic Republic of the Congo,urban,Drinking water,2013,36.91586,11646529.05,Basic service
COD,Democratic Republic of the Congo,total,Drinking water,2014,24.69504,19361714.77,Basic service
COD,Democratic Republic of the Congo,rural,Drinking water,2014,15.80544,7165040.23,Basic service
COD,Democratic Republic of the Congo,urban,Drinking water,2014,36.88084,12196673.13,Basic service
COD,Democratic Republic of the Congo,total,Drinking water,2015,24.63591,19963837.42,Basic service
COD,Democratic Republic of the Congo,rural,Drinking water,2015,15.52397,7203268.021,Basic service
COD,Democratic Republic of the Congo,urban,Drinking water,2015,36.84343,12760568.56,Basic service
COD,Democratic Republic of the Congo,total,Drinking water,2016,24.57563,20632819.67,Basic service
COD,Democratic Republic of the Congo,rural,Drinking water,2016,15.23483,7251386.118,Basic service
COD,Democratic Republic of the Congo,urban,Drinking water,2016,36.80363,13381433.61,Basic service
COD,Democratic Republic of the Congo,total,Drinking water,2017,24.51414,21347747.05,Basic service
COD,Democratic Republic of the Congo,rural,Drinking water,2017,14.93803,7300395.234,Basic service
COD,Democratic Republic of the Congo,urban,Drinking water,2017,36.76144,14047352.15,Basic service
COD,Democratic Republic of the Congo,total,Drinking water,2018,24.45179,22018260.68,Basic service
COD,Democratic Republic of the Congo,rural,Drinking water,2018,14.63356,7318604.494,Basic service
COD,Democratic Republic of the Congo,urban,Drinking water,2018,36.71685,14699657.1,Basic service
COD,Democratic Republic of the Congo,total,Drinking water,2019,24.38851,22668492.41,Basic service
COD,Democratic Republic of the Congo,rural,Drinking water,2019,14.32143,7315146.378,Basic service
COD,Democratic Republic of the Congo,urban,Drinking water,2019,36.66987,15353346.96,Basic service
COD,Democratic Republic of the Congo,total,Drinking water,2020,24.32443,23349016.66,Basic service
COD,Democratic Republic of the Congo,rural,Drinking water,2020,14.00162,7306338.195,Basic service
COD,Democratic Republic of the Congo,urban,Drinking water,2020,36.6205,16042678.96,Basic service
COD,Democratic Republic of the Congo,total,Drinking water,2021,23.93953,23735787.74,Basic service
COD,Democratic Republic of the Congo,rural,Drinking water,2021,13.6597,7281631.864,Basic service
COD,Democratic Republic of the Congo,urban,Drinking water,2021,35.89357,16454155.49,Basic service
COD,Democratic Republic of the Congo,total,Drinking water,2022,23.54261,24106919,Basic service
COD,Democratic Republic of the Congo,rural,Drinking water,2022,13.30985,7245525.428,Basic service
COD,Democratic Republic of the Congo,urban,Drinking water,2022,35.15744,16861393.42,Basic service
COD,Democratic Republic of the Congo,total,Drinking water,2024,23.80871,26017273.31,Basic service
COD,Democratic Republic of the Congo,rural,Drinking water,2024,13.30985,7555146.717,Basic service
COD,Democratic Republic of the Congo,urban,Drinking water,2024,35.15744,18462125.91,Basic service
ETH,Ethiopia,total,Drinking water,2000,13.40257,9034869.302,Basic service
ETH,Ethiopia,rural,Drinking water,2000,8.66172,4978324.453,Basic service
ETH,Ethiopia,urban,Drinking water,2000,40.82487,4056544.563,Basic service
ETH,Ethiopia,total,Drinking water,2001,14.78443,10273371.21,Basic service
ETH,Ethiopia,rural,Drinking water,2001,10.18484,6020801.848,Basic service
ETH,Ethiopia,urban,Drinking water,2001,40.99874,4252569.007,Basic service
ETH,Ethiopia,total,Drinking water,2002,16.1475,11567345.82,Basic service
ETH,Ethiopia,rural,Drinking water,2002,11.69032,7108376.821,Basic service
ETH,Ethiopia,urban,Drinking water,2002,41.17292,4458968.383,Basic service
ETH,Ethiopia,total,Drinking water,2003,17.49087,12913973.34,Basic service
ETH,Ethiopia,rural,Drinking water,2003,13.17816,8240154.412,Basic service
ETH,Ethiopia,urban,Drinking water,2003,41.3474,4673819.62,Basic service
ETH,Ethiopia,total,Drinking water,2004,18.81487,14313825.14,Basic service
ETH,Ethiopia,rural,Drinking water,2004,14.64835,9416280.292,Basic service
ETH,Ethiopia,urban,Drinking water,2004,41.52218,4897545.574,Basic service
ETH,Ethiopia,total,Drinking water,2005,20.11953,15767163.43,Basic service
ETH,Ethiopia,rural,Drinking water,2005,16.10089,10636859.16,Basic service
ETH,Ethiopia,urban,Drinking water,2005,41.69727,5130304.021,Basic service
ETH,Ethiopia,total,Drinking water,2006,21.40512,17274674.95,Basic service
ETH,Ethiopia,rural,Drinking water,2006,17.5358,11901973.38,Basic service
ETH,Ethiopia,urban,Drinking water,2006,41.87266,5372700.818,Basic service
ETH,Ethiopia,total,Drinking water,2007,22.67509,18843731.49,Basic service
ETH,Ethiopia,rural,Drinking water,2007,18.95305,13212231.86,Basic service
ETH,Ethiopia,urban,Drinking water,2007,42.04835,5631499.947,Basic service
ETH,Ethiopia,total,Drinking water,2008,23.96368,20499411.09,Basic service
ETH,Ethiopia,rural,Drinking water,2008,20.35267,14535957.71,Basic service
ETH,Ethiopia,urban,Drinking water,2008,42.22434,5963453.231,Basic service
ETH,Ethiopia,total,Drinking water,2009,25.22926,22203673.18,Basic service
ETH,Ethiopia,rural,Drinking water,2009,21.73464,15893571.04,Basic service
ETH,Ethiopia,urban,Drinking water,2009,42.40064,6310102.186,Basic service
ETH,Ethiopia,total,Drinking water,2010,26.4724,23967719.91,Basic service
ETH,Ethiopia,rural,Drinking water,2010,23.09896,17291453.82,Basic service
ETH,Ethiopia,urban,Drinking water,2010,42.57724,6676266.637,Basic service
ETH,Ethiopia,total,Drinking water,2011,27.69265,25795696.8,Basic service
ETH,Ethiopia,rural,Drinking water,2011,24.44564,18732649.88,Basic service
ETH,Ethiopia,urban,Drinking water,2011,42.75415,7063047.863,Basic service
ETH,Ethiopia,total,Drinking water,2012,28.89033,27676575.66,Basic service
ETH,Ethiopia,rural,Drinking water,2012,25.77467,20207785.26,Basic service
ETH,Ethiopia,urban,Drinking water,2012,42.93135,7468791.124,Basic service
ETH,Ethiopia,total,Drinking water,2013,30.0623,29592950.5,Basic service
ETH,Ethiopia,rural,Drinking water,2013,27.08606,21710496.07,Basic service
ETH,Ethiopia,urban,Drinking water,2013,43.10886,7882454.192,Basic service
ETH,Ethiopia,total,Drinking water,2014,31.21181,31560015.08,Basic service
ETH,Ethiopia,rural,Drinking water,2014,28.37981,23244670.53,Basic service
ETH,Ethiopia,urban,Drinking water,2014,43.28667,8315345.198,Basic service
ETH,Ethiopia,total,Drinking water,2015,32.3387,33589280.5,Basic service
ETH,Ethiopia,rural,Drinking water,2015,29.65591,24818388.55,Basic service
ETH,Ethiopia,urban,Drinking water,2015,43.46479,8770892.276,Basic service
ETH,Ethiopia,total,Drinking water,2016,33.44308,35689837.18,Basic service
ETH,Ethiopia,rural,Drinking water,2016,30.91437,26437201.4,Basic service
ETH,Ethiopia,urban,Drinking water,2016,43.6432,9252634.144,Basic service
ETH,Ethiopia,total,Drinking water,2017,34.52469,37862015.38,Basic service
ETH,Ethiopia,rural,Drinking water,2017,32.15518,28101444.23,Basic service
ETH,Ethiopia,urban,Drinking water,2017,43.82192,9760571.568,Basic service
ETH,Ethiopia,total,Drinking water,2018,35.58392,40090316.88,Basic service
ETH,Ethiopia,rural,Drinking water,2018,33.37835,29797415.12,Basic service
ETH,Ethiopia,urban,Drinking water,2018,44.00095,10292902.82,Basic service
ETH,Ethiopia,total,Drinking water,2019,36.6207,42383845.2,Basic service
ETH,Ethiopia,rural,Drinking water,2019,34.58387,31530846.69,Basic service
ETH,Ethiopia,urban,Drinking water,2019,44.18027,10852997.59,Basic service
ETH,Ethiopia,total,Drinking water,2020,37.63494,44754599.98,Basic service
ETH,Ethiopia,rural,Drinking water,2020,35.77174,33310104.07,Basic service
ETH,Ethiopia,urban,Drinking water,2020,44.3599,11444494.37,Basic service
ETH,Ethiopia,total,Drinking water,2021,38.62673,47178140.24,Basic service
ETH,Ethiopia,rural,Drinking water,2021,36.94198,35115410.41,Basic service
ETH,Ethiopia,urban,Drinking water,2021,44.53983,12062728.33,Basic service
ETH,Ethiopia,total,Drinking water,2022,39.77911,49876758.17,Basic service
ETH,Ethiopia,rural,Drinking water,2022,38.33137,37170295.67,Basic service
ETH,Ethiopia,urban,Drinking water,2022,44.72007,12706461.74,Basic service
ETH,Ethiopia,total,Drinking water,2024,42.04887,55529639.86,Basic service
ETH,Ethiopia,rural,Drinking water,2024,41.10893,41443190.87,Basic service
ETH,Ethiopia,urban,Drinking water,2024,45.08144,14086445.46,Basic service
GHA,Ghana,total,Drinking water,2000,51.15561,10045470.72,Basic service
GHA,Ghana,rural,Drinking water,2000,53.48454,5889028.022,Basic service
GHA,Ghana,urban,Drinking water,2000,48.18295,4156442.683,Basic service
GHA,Ghana,total,Drinking water,2001,51.63654,10413575.77,Basic service
GHA,Ghana,rural,Drinking water,2001,54.2613,6062265.393,Basic service
GHA,Ghana,urban,Drinking water,2001,48.3763,4351310.245,Basic service
GHA,Ghana,total,Drinking water,2002,51.62051,10700615.83,Basic service
GHA,Ghana,rural,Drinking water,2002,54.6063,6194625.423,Basic service
GHA,Ghana,urban,Drinking water,2002,48.01151,4505990.899,Basic service
GHA,Ghana,total,Drinking water,2003,51.58615,10986149.61,Basic service
GHA,Ghana,rural,Drinking water,2003,54.93912,6323852.817,Basic service
GHA,Ghana,urban,Drinking water,2003,47.64228,4662296.549,Basic service
GHA,Ghana,total,Drinking water,2004,51.53347,11269492.82,Basic service
GHA,Ghana,rural,Drinking water,2004,55.25974,6449425.361,Basic service
GHA,Ghana,urban,Drinking water,2004,47.2686,4820067.665,Basic service
GHA,Ghana,total,Drinking water,2005,51.46293,11553139.14,Basic service
GHA,Ghana,rural,Drinking water,2005,55.56818,6573192.703,Basic service
GHA,Ghana,urban,Drinking water,2005,46.89047,4979946.354,Basic service
GHA,Ghana,total,Drinking water,2006,51.37442,11837027.93,Basic service
GHA,Ghana,rural,Drinking water,2006,55.86443,6694754.58,Basic service
GHA,Ghana,urban,Drinking water,2006,46.50791,5142273.335,Basic service
GHA,Ghana,total,Drinking water,2007,51.26817,12120962.75,Basic service
GHA,Ghana,rural,Drinking water,2007,56.1485,6814079.592,Basic service
GHA,Ghana,urban,Drinking water,2007,46.1209,5306882.84,Basic service
GHA,Ghana,total,Drinking water,2008,51.14429,12402462.93,Basic service
GHA,Ghana,rural,Drinking water,2008,56.42038,6929750.851,Basic service
GHA,Ghana,urban,Drinking water,2008,45.72944,5472712.2,Basic service
GHA,Ghana,total,Drinking water,2009,51.00328,12680775.24,Basic service
GHA,Ghana,rural,Drinking water,2009,56.68007,7041718.178,Basic service
GHA,Ghana,urban,Drinking water,2009,45.33354,5639057.407,Basic service
GHA,Ghana,total,Drinking water,2010,50.84486,12952726.53,Basic service
GHA,Ghana,rural,Drinking water,2010,56.92757,7147745.555,Basic service
GHA,Ghana,urban,Drinking water,2010,44.9332,5804980.383,Basic service
GHA,Ghana,total,Drinking water,2011,50.66952,13222256.18,Basic service
GHA,Ghana,rural,Drinking water,2011,57.16288,7250413.846,Basic service
GHA,Ghana,urban,Drinking water,2011,44.52841,5971842.908,Basic service
GHA,Ghana,total,Drinking water,2012,50.47757,13494809.75,Basic service
GHA,Ghana,rural,Drinking water,2012,57.38601,7352830.827,Basic service
GHA,Ghana,urban,Drinking water,2012,44.11918,6141979.648,Basic service
GHA,Ghana,total,Drinking water,2013,50.26949,13766900.4,Basic service
GHA,Ghana,rural,Drinking water,2013,57.59695,7453347.207,Basic service
GHA,Ghana,urban,Drinking water,2013,43.70551,6313552.641,Basic service
GHA,Ghana,total,Drinking water,2014,50.04551,14033556.47,Basic service
GHA,Ghana,rural,Drinking water,2014,57.79571,7549306.55,Basic service
GHA,Ghana,urban,Drinking water,2014,43.28739,6484250.712,Basic service
GHA,Ghana,total,Drinking water,2015,49.80585,14292320.87,Basic service
GHA,Ghana,rural,Drinking water,2015,57.98227,7639461.93,Basic service
GHA,Ghana,urban,Drinking water,2015,42.86483,6652858.926,Basic service
GHA,Ghana,total,Drinking water,2016,49.55075,14546486.05,Basic service
GHA,Ghana,rural,Drinking water,2016,58.15665,7725656.821,Basic service
GHA,Ghana,urban,Drinking water,2016,42.43782,6820828.45,Basic service
GHA,Ghana,total,Drinking water,2017,49.28059,14788293.92,Basic service
GHA,Ghana,rural,Drinking water,2017,58.31884,7804008.987,Basic service
GHA,Ghana,urban,Drinking water,2017,42.00637,6984285.393,Basic service
GHA,Ghana,total,Drinking water,2018,48.99562,15011074.95,Basic service
GHA,Ghana,rural,Drinking water,2018,58.46885,7871167.104,Basic service
GHA,Ghana,urban,Drinking water,2018,41.57048,7139908.097,Basic service
GHA,Ghana,total,Drinking water,2019,48.69625,15221934.29,Basic service
GHA,Ghana,rural,Drinking water,2019,58.60667,7931202.092,Basic service
GHA,Ghana,urban,Drinking water,2019,41.13014,7290732.445,Basic service
GHA,Ghana,total,Drinking water,2020,48.38256,15428137.34,Basic service
GHA,Ghana,rural,Drinking water,2020,58.7323,7987867.709,Basic service
GHA,Ghana,urban,Drinking water,2020,40.68536,7440270.105,Basic service
GHA,Ghana,total,Drinking water,2021,48.05496,15626832.16,Basic service
GHA,Ghana,rural,Drinking water,2021,58.84574,8039927.097,Basic service
GHA,Ghana,urban,Drinking water,2021,40.23613,7586904.424,Basic service
GHA,Ghana,total,Drinking water,2022,47.71371,15816689.25,Basic service
GHA,Ghana,rural,Drinking water,2022,58.94699,8086806.762,Basic service
GHA,Ghana,urban,Drinking water,2022,39.78246,7729882.157,Basic service
GHA,Ghana,total,Drinking water,2024,46.98062,16174213.01,Basic service
GHA,Ghana,rural,Drinking water,2024,59.11295,8170135.574,Basic service
GHA,Ghana,urban,Drinking water,2024,38.84308,8004077.036,Basic service
NGA,Nigeria,total,Drinking water,2000,31.86844,40276130.06,Basic service
NGA,Nigeria,rural,Drinking water,2000,22.6413,18645297.52,Basic service
NGA,Nigeria,urban,Drinking water,2000,49.12563,21630830.12,Basic service
NGA,Nigeria,total,Drinking water,2001,32.78894,42580573.87,Basic service
NGA,Nigeria,rural,Drinking water,2001,23.50956,19640335.33,Basic service
NGA,Nigeria,urban,Drinking water,2001,49.52482,22940236.62,Basic service
NGA,Nigeria,total,Drinking water,2002,33.5351,44759958.6,Basic service
NGA,Nigeria,rural,Drinking water,2002,24.39518,20673457.32,Basic service
NGA,Nigeria,urban,Drinking water,2002,49.43055,24086496.35,Basic service
NGA,Nigeria,total,Drinking water,2003,34.26479,47012202.5,Basic service
NGA,Nigeria,rural,Drinking water,2003,25.28203,21729708.69,Basic service
NGA,Nigeria,urban,Drinking water,2003,49.3284,25282493.81,Basic service
NGA,Nigeria,total,Drinking water,2004,34.97731,49337965.54,Basic service
NGA,Nigeria,rural,Drinking water,2004,26.17012,22808915.83,Basic service
NGA,Nigeria,urban,Drinking water,2004,49.21836,26529048.84,Basic service
NGA,Nigeria,total,Drinking water,2005,35.67174,51730174.07,Basic service
NGA,Nigeria,rural,Drinking water,2005,27.05944,23907887.22,Basic service
NGA,Nigeria,urban,Drinking water,2005,49.10042,27822284.67,Basic service
NGA,Nigeria,total,Drinking water,2006,36.34786,54186418.31,Basic service
NGA,Nigeria,rural,Drinking water,2006,27.95,25024023.69,Basic service
NGA,Nigeria,urban,Drinking water,2006,48.9746,29162394.49,Basic service
NGA,Nigeria,total,Drinking water,2007,37.00523,56716896.52,Basic service
NGA,Nigeria,rural,Drinking water,2007,28.8418,26160984.73,Basic service
NGA,Nigeria,urban,Drinking water,2007,48.84088,30555912.29,Basic service
NGA,Nigeria,total,Drinking water,2008,37.64339,59324100.76,Basic service
NGA,Nigeria,rural,Drinking water,2008,29.73483,27318803.23,Basic service
NGA,Nigeria,urban,Drinking water,2008,48.69927,32005294.12,Basic service
NGA,Nigeria,total,Drinking water,2009,38.26116,62002001.44,Basic service
NGA,Nigeria,rural,Drinking water,2009,30.6291,28496042.31,Basic service
NGA,Nigeria,urban,Drinking water,2009,48.54977,33505962.48,Basic service
NGA,Nigeria,total,Drinking water,2010,38.85872,64755290.59,Basic service
NGA,Nigeria,rural,Drinking water,2010,31.52461,29691946.2,Basic service
NGA,Nigeria,urban,Drinking water,2010,48.39238,35063344.17,Basic service
NGA,Nigeria,total,Drinking water,2011,39.43373,67581369.8,Basic service
NGA,Nigeria,rural,Drinking water,2011,32.42135,30912244.77,Basic service
NGA,Nigeria,urban,Drinking water,2011,48.2271,36669124.67,Basic service
NGA,Nigeria,total,Drinking water,2012,40.08084,70622692.46,Basic service
NGA,Nigeria,rural,Drinking water,2012,33.31933,32145451.05,Basic service
NGA,Nigeria,urban,Drinking water,2012,48.26321,38477237.4,Basic service
NGA,Nigeria,total,Drinking water,2013,41.11185,74432769.86,Basic service
NGA,Nigeria,rural,Drinking water,2013,34.21854,33381238.13,Basic service
NGA,Nigeria,urban,Drinking water,2013,49.16564,41051533.06,Basic service
NGA,Nigeria,total,Drinking water,2014,42.14613,78348361.82,Basic service
NGA,Nigeria,rural,Drinking water,2014,35.11899,34612865.37,Basic service
NGA,Nigeria,urban,Drinking water,2014,50.07608,43735491.1,Basic service
NGA,Nigeria,total,Drinking water,2015,43.18387,82339500.16,Basic service
NGA,Nigeria,rural,Drinking water,2015,36.02068,35825542.49,Basic service
NGA,Nigeria,urban,Drinking water,2015,50.99453,46513953.92,Basic service
NGA,Nigeria,total,Drinking water,2016,44.22478,86434555.83,Basic service
NGA,Nigeria,rural,Drinking water,2016,36.9236,37032840.8,Basic service
NGA,Nigeria,urban,Drinking water,2016,51.921,49401716.05,Basic service
NGA,Nigeria,total,Drinking water,2017,45.26933,90653911.99,Basic service
NGA,Nigeria,rural,Drinking water,2017,37.82776,38240275.04,Basic service
NGA,Nigeria,urban,Drinking water,2017,52.85547,52413634.64,Basic service
NGA,Nigeria,total,Drinking water,2018,46.31738,94922267.68,Basic service
NGA,Nigeria,rural,Drinking water,2018,38.73315,39416555.87,Basic service
NGA,Nigeria,urban,Drinking water,2018,53.79796,55505707.49,Basic service
NGA,Nigeria,total,Drinking water,2019,47.36893,99231108.36,Basic service
NGA,Nigeria,rural,Drinking water,2019,39.63979,40559064.11,Basic service
NGA,Nigeria,urban,Drinking water,2019,54.74846,58672048.48,Basic service
NGA,Nigeria,total,Drinking water,2020,48.42413,103625795.9,Basic service
NGA,Nigeria,rural,Drinking water,2020,40.54765,41686247.52,Basic service
NGA,Nigeria,urban,Drinking water,2020,55.70697,61939546.05,Basic service
NGA,Nigeria,total,Drinking water,2021,49.48298,108134800.3,Basic service
NGA,Nigeria,rural,Drinking water,2021,41.45676,42809835.48,Basic service
NGA,Nigeria,urban,Drinking water,2021,56.6735,65324968.28,Basic service
NGA,Nigeria,total,Drinking water,2022,50.54561,112792978.3,Basic service
NGA,Nigeria,rural,Drinking water,2022,42.36709,43942429.41,Basic service
NGA,Nigeria,urban,Drinking water,2022,57.64804,68850544.77,Basic service
NGA,Nigeria,total,Drinking water,2024,52.3443,121794433.5,Basic service
NGA,Nigeria,rural,Drinking water,2024,44.16053,46207794.6,Basic service
NGA,Nigeria,urban,Drinking water,2024,59.03199,75586637.99,Basic service
UGA,Uganda,total,Drinking water,2000,23.62454,5669924.2,Basic service
UGA,Uganda,rural,Drinking water,2000,18.47157,3777711.9,Basic service
UGA,Uganda,urban,Drinking water,2000,53.32184,1892211.976,Basic service
UGA,Uganda,total,Drinking water,2001,24.43389,6046330.63,Basic service
UGA,Uganda,rural,Drinking water,2001,19.39677,4070235.398,Basic service
UGA,Uganda,urban,Drinking water,2001,52.53351,1976095.195,Basic service
UGA,Uganda,total,Drinking water,2002,25.25056,6447193.827,Basic service
UGA,Uganda,rural,Drinking water,2002,20.34398,4382725.761,Basic service
UGA,Uganda,urban,Drinking water,2002,51.7441,2064468.611,Basic service
UGA,Uganda,total,Drinking water,2003,26.07375,6870987.313,Basic service
UGA,Uganda,rural,Drinking water,2003,21.31321,4714419.719,Basic service
UGA,Uganda,urban,Drinking water,2003,50.9536,2156567.887,Basic service
UGA,Uganda,total,Drinking water,2004,26.90289,7305350.651,Basic service
UGA,Uganda,rural,Drinking water,2004,22.30445,5056890.596,Basic service
UGA,Uganda,urban,Drinking water,2004,50.16202,2248460.201,Basic service
UGA,Uganda,total,Drinking water,2005,27.73606,7755914.388,Basic service
UGA,Uganda,rural,Drinking water,2005,23.3177,5414536.32,Basic service
UGA,Uganda,urban,Drinking water,2005,49.36936,2341378.093,Basic service
UGA,Uganda,total,Drinking water,2006,28.57376,8227529.046,Basic service
UGA,Uganda,rural,Drinking water,2006,24.35296,5790318.17,Basic service
UGA,Uganda,urban,Drinking water,2006,48.57561,2437210.662,Basic service
UGA,Uganda,total,Drinking water,2007,29.41434,8722361.01,Basic service
UGA,Uganda,rural,Drinking water,2007,25.41024,6186316.596,Basic service
UGA,Uganda,urban,Drinking water,2007,47.78077,2536044.568,Basic service
UGA,Uganda,total,Drinking water,2008,30.25739,9240472.536,Basic service
UGA,Uganda,rural,Drinking water,2008,26.48953,6602558.406,Basic service
UGA,Uganda,urban,Drinking water,2008,46.98486,2637913.742,Basic service
UGA,Uganda,total,Drinking water,2009,31.10158,9781805.384,Basic service
UGA,Uganda,rural,Drinking water,2009,27.59084,7039471.158,Basic service
UGA,Uganda,urban,Drinking water,2009,46.18785,2742333.445,Basic service
UGA,Uganda,total,Drinking water,2010,31.94639,10347690.74,Basic service
UGA,Uganda,rural,Drinking water,2010,28.71416,7497981.479,Basic service
UGA,Uganda,urban,Drinking water,2010,45.38976,2849709.568,Basic service
UGA,Uganda,total,Drinking water,2011,32.79068,10937182.71,Basic service
UGA,Uganda,rural,Drinking water,2011,29.85949,7977755.163,Basic service
UGA,Uganda,urban,Drinking water,2011,44.59059,2959427.166,Basic service
UGA,Uganda,total,Drinking water,2012,33.63365,11548933,Basic service
UGA,Uganda,rural,Drinking water,2012,31.02683,8477883.431,Basic service
UGA,Uganda,urban,Drinking water,2012,43.79033,3071050.195,Basic service
UGA,Uganda,total,Drinking water,2013,34.47395,12182075.34,Basic service
UGA,Uganda,rural,Drinking water,2013,32.21619,8998337.628,Basic service
UGA,Uganda,urban,Drinking water,2013,42.98899,3183737.789,Basic service
UGA,Uganda,total,Drinking water,2014,35.3111,12851665.17,Basic service
UGA,Uganda,rural,Drinking water,2014,33.42756,9549934.431,Basic service
UGA,Uganda,urban,Drinking water,2014,42.18656,3301729.766,Basic service
UGA,Uganda,total,Drinking water,2015,36.14384,13565307.52,Basic service
UGA,Uganda,rural,Drinking water,2015,34.66095,10139024.47,Basic service
UGA,Uganda,urban,Drinking water,2015,41.38305,3426283.787,Basic service
UGA,Uganda,total,Drinking water,2016,36.9711,14344474.71,Basic service
UGA,Uganda,rural,Drinking water,2016,35.91635,10782530.01,Basic service
UGA,Uganda,urban,Drinking water,2016,40.57846,3561944.482,Basic service
UGA,Uganda,total,Drinking water,2017,37.79199,15183833.8,Basic service
UGA,Uganda,rural,Drinking water,2017,37.19376,11477191.67,Basic service
UGA,Uganda,urban,Drinking water,2017,39.77277,3706642.342,Basic service
UGA,Uganda,total,Drinking water,2018,38.60559,16046736.22,Basic service
UGA,Uganda,rural,Drinking water,2018,38.49319,12196169.81,Basic service
UGA,Uganda,urban,Drinking water,2018,38.96601,3850566.659,Basic service
UGA,Uganda,total,Drinking water,2019,39.41109,16946627.64,Basic service
UGA,Uganda,rural,Drinking water,2019,39.81462,12949506.05,Basic service
UGA,Uganda,urban,Drinking water,2019,38.15816,3997121.185,Basic service
UGA,Uganda,total,Drinking water,2020,40.47754,17995162.76,Basic service
UGA,Uganda,rural,Drinking water,2020,41.15808,13731698.55,Basic service
UGA,Uganda,urban,Drinking water,2020,38.43092,4263464.391,Basic service
UGA,Uganda,total,Drinking water,2021,41.5792,19089396,Basic service
UGA,Uganda,rural,Drinking water,2021,42.52354,14534254.88,Basic service
UGA,Uganda,urban,Drinking water,2021,38.82791,4555143.017,Basic service
UGA,Uganda,total,Drinking water,2022,42.68531,20195579.14,Basic service
UGA,Uganda,rural,Drinking water,2022,43.91103,15340836.84,Basic service
UGA,Uganda,urban,Drinking water,2022,39.22538,4854742.485,Basic service
UGA,Uganda,total,Drinking water,2024,44.90868,22461117.6,Basic service
UGA,Uganda,rural,Drinking water,2024,46.75203,16978680.68,Basic service
UGA,Uganda,urban,Drinking water,2024,40.02177,5482435.98,Basic service
ZAF,South Africa,total,Drinking water,2000,22.70827,10709155.91,Basic service
ZAF,South Africa,rural,Drinking water,2000,41.19495,8374968.735,Basic service
ZAF,South Africa,urban,Drinking water,2000,8.70003,2334186.98,Basic service
ZAF,South Africa,total,Drinking water,2001,22.76417,10828187.07,Basic service
ZAF,South Africa,rural,Drinking water,2001,41.68699,8453570.233,Basic service
ZAF,South Africa,urban,Drinking water,2001,8.70201,2374615.668,Basic service
ZAF,South Africa,total,Drinking water,2002,22.46771,10788864.06,Basic service
ZAF,South Africa,rural,Drinking water,2002,41.45076,8380155.613,Basic service
ZAF,South Africa,urban,Drinking water,2002,8.66371,2408708.456,Basic service
ZAF,South Africa,total,Drinking water,2003,22.16042,10747880.56,Basic service
ZAF,South Africa,rural,Drinking water,2003,41.19754,8302884.65,Basic service
ZAF,South Africa,urban,Drinking water,2003,8.62539,2444996.047,Basic service
ZAF,South Africa,total,Drinking water,2004,21.84883,10704051,Basic service
ZAF,South Africa,rural,Drinking water,2004,40.92734,8222266.117,Basic service
ZAF,South Africa,urban,Drinking water,2004,8.58704,2481785.14,Basic service
ZAF,South Africa,total,Drinking water,2005,21.53417,10657268.86,Basic service
ZAF,South Africa,rural,Drinking water,2005,40.64014,8138450.726,Basic service
ZAF,South Africa,urban,Drinking water,2005,8.54869,2518817.568,Basic service
ZAF,South Africa,total,Drinking water,2006,21.57377,10786513.55,Basic service
ZAF,South Africa,rural,Drinking water,2006,40.33595,8051382.176,Basic service
ZAF,South Africa,urban,Drinking water,2006,9.10573,2735130.961,Basic service
ZAF,South Africa,total,Drinking water,2007,21.76814,10999130.41,Basic service
ZAF,South Africa,rural,Drinking water,2007,40.01476,7963009.039,Basic service
ZAF,South Africa,urban,Drinking water,2007,9.91276,3036120.896,Basic service
ZAF,South Africa,total,Drinking water,2008,21.96857,11229147.8,Basic service
ZAF,South Africa,rural,Drinking water,2008,39.67659,7878174.181,Basic service
ZAF,South Africa,urban,Drinking water,2008,10.72016,3350973.251,Basic service
ZAF,South Africa,total,Drinking water,2009,22.17645,11471545.9,Basic service
ZAF,South Africa,rural,Drinking water,2009,39.32143,7793014.407,Basic service
ZAF,South Africa,urban,Drinking water,2009,11.52792,3678531.541,Basic service
ZAF,South Africa,total,Drinking water,2010,22.39105,11720384.81,Basic service
ZAF,South Africa,rural,Drinking water,2010,38.94927,7702853.442,Basic service
ZAF,South Africa,urban,Drinking water,2010,12.33604,4017531.362,Basic service
ZAF,South Africa,total,Drinking water,2011,22.61286,11983731.37,Basic service
ZAF,South Africa,rural,Drinking water,2011,38.56013,7612861.915,Basic service
ZAF,South Africa,urban,Drinking water,2011,13.14454,4370870.015,Basic service
ZAF,South Africa,total,Drinking water,2012,22.84179,12284900.61,Basic service
ZAF,South Africa,rural,Drinking water,2012,38.15399,7536657.19,Basic service
ZAF,South Africa,urban,Drinking water,2012,13.95339,4748243.165,Basic service
ZAF,South Africa,total,Drinking water,2013,23.07873,12619170.34,Basic service
ZAF,South Africa,rural,Drinking water,2013,37.73086,7469786.958,Basic service
ZAF,South Africa,urban,Drinking water,2013,14.76262,5149384.57,Basic service
ZAF,South Africa,total,Drinking water,2014,23.32312,12966449.79,Basic service
ZAF,South Africa,rural,Drinking water,2014,37.29074,7398738.822,Basic service
ZAF,South Africa,urban,Drinking water,2014,15.57221,5567711.063,Basic service
ZAF,South Africa,total,Drinking water,2015,22.96767,13028072.88,Basic service
ZAF,South Africa,rural,Drinking water,2015,35.37923,7058440.226,Basic service
ZAF,South Africa,urban,Drinking water,2015,16.23386,5969633.083,Basic service
ZAF,South Africa,total,Drinking water,2016,22.62336,12954035.27,Basic service
ZAF,South Africa,rural,Drinking water,2016,33.42126,6632645.818,Basic service
ZAF,South Africa,urban,Drinking water,2016,16.8958,6321389.821,Basic service
ZAF,South Africa,total,Drinking water,2017,22.29082,12847353.04,Basic service
ZAF,South Africa,rural,Drinking water,2017,31.41684,6183590.298,Basic service
ZAF,South Africa,urban,Drinking water,2017,17.55805,6663763.21,Basic service
ZAF,South Africa,total,Drinking water,2018,21.97045,12877540.87,Basic service
ZAF,South Africa,rural,Drinking water,2018,29.36596,5791068.919,Basic service
ZAF,South Africa,urban,Drinking water,2018,18.22059,7086471.62,Basic service
ZAF,South Africa,total,Drinking water,2019,21.66262,12908298.55,Basic service
ZAF,South Africa,rural,Drinking water,2019,27.26863,5385501.718,Basic service
ZAF,South Africa,urban,Drinking water,2019,18.88343,7522796.902,Basic service
ZAF,South Africa,total,Drinking water,2020,21.36766,12940761.67,Basic service
ZAF,South Africa,rural,Drinking water,2020,25.12484,4967481.695,Basic service
ZAF,South Africa,urban,Drinking water,2020,19.54657,7973278.819,Basic service
ZAF,South Africa,total,Drinking water,2021,21.31356,13108394.49,Basic service
ZAF,South Africa,rural,Drinking water,2021,23.64219,4675226.33,Basic service
ZAF,South Africa,urban,Drinking water,2021,20.21001,8433167.7,Basic service
ZAF,South Africa,total,Drinking water,2022,21.59645,13471522.63,Basic service
ZAF,South Africa,rural,Drinking water,2022,23.15609,4573818.351,Basic service
ZAF,South Africa,urban,Drinking water,2022,20.87375,8897705.084,Basic service
ZAF,South Africa,total,Drinking water,2024,22.18412,14199428.85,Basic service
ZAF,South Africa,rural,Drinking water,2024,22.14348,4351523.374,Basic service
ZAF,South Africa,urban,Drinking water,2024,22.20212,9847905.664,Basic service
BWA,Botswana,total,Drinking water,2000,20.62517,345962.8939,Limited service
BWA,Botswana,rural,Drinking water,2000,37.81006,296694.0822,Limited service
BWA,Botswana,urban,Drinking water,2000,5.51917,49268.8156,Limited service
BWA,Botswana,total,Drinking water,2001,20.35768,348575.2669,Limited service
BWA,Botswana,rural,Drinking water,2001,37.82749,297541.6807,Limited service
BWA,Botswana,urban,Drinking water,2001,5.5131,51033.58293,Limited service
BWA,Botswana,total,Drinking water,2002,20.19814,352409.5904,Limited service
BWA,Botswana,rural,Drinking water,2002,37.84492,299976.2005,Limited service
BWA,Botswana,urban,Drinking water,2002,5.50703,52433.38891,Limited service
BWA,Botswana,total,Drinking water,2003,20.05421,356109.7404,Limited service
BWA,Botswana,rural,Drinking water,2003,37.86235,302355.9748,Limited service
BWA,Botswana,urban,Drinking water,2003,5.50096,53753.75323,Limited service
BWA,Botswana,total,Drinking water,2004,19.91006,359803.7889,Limited service
BWA,Botswana,rural,Drinking water,2004,37.87978,304703.7667,Limited service
BWA,Botswana,urban,Drinking water,2004,5.4949,55100.02958,Limited service
BWA,Botswana,total,Drinking water,2005,19.76667,363682.3377,Limited service
BWA,Botswana,rural,Drinking water,2005,37.89721,307185.784,Limited service
BWA,Botswana,urban,Drinking water,2005,5.48883,56496.56161,Limited service
BWA,Botswana,total,Drinking water,2006,18.70045,350542.9645,Limited service
BWA,Botswana,rural,Drinking water,2006,36.26436,296384.5906,Limited service
BWA,Botswana,urban,Drinking water,2006,5.12268,54158.37109,Limited service
BWA,Botswana,total,Drinking water,2007,17.32535,331122.3395,Limited service
BWA,Botswana,rural,Drinking water,2007,34.62999,278452.9495,Limited service
BWA,Botswana,urban,Drinking water,2007,4.75733,52669.38346,Limited service
BWA,Botswana,total,Drinking water,2008,15.99233,311845.6285,Limited service
BWA,Botswana,rural,Drinking water,2008,32.9941,260927.1831,Limited service
BWA,Botswana,urban,Drinking water,2008,4.39278,50918.43886,Limited service
BWA,Botswana,total,Drinking water,2009,14.70403,292709.1159,Limited service
BWA,Botswana,rural,Drinking water,2009,31.35669,243834.8465,Limited service
BWA,Botswana,urban,Drinking water,2009,4.02902,48874.28608,Limited service
BWA,Botswana,total,Drinking water,2010,13.45838,273623.7206,Limited service
BWA,Botswana,rural,Drinking water,2010,29.71777,227104.8895,Limited service
BWA,Botswana,urban,Drinking water,2010,3.66606,46518.83215,Limited service
BWA,Botswana,total,Drinking water,2011,12.25578,254127.8005,Limited service
BWA,Botswana,rural,Drinking water,2011,28.07733,210375.514,Limited service
BWA,Botswana,urban,Drinking water,2011,3.3039,43752.29208,Limited service
BWA,Botswana,total,Drinking water,2012,11.21953,236576.8699,Limited service
BWA,Botswana,rural,Drinking water,2012,26.43537,196390.4673,Limited service
BWA,Botswana,urban,Drinking water,2012,2.94253,40186.41389,Limited service
BWA,Botswana,total,Drinking water,2013,10.2284,218957.4606,Limited service
BWA,Botswana,rural,Drinking water,2013,24.79189,182714.7633,Limited service
BWA,Botswana,urban,Drinking water,2013,2.58196,36242.69306,Limited service
BWA,Botswana,total,Drinking water,2014,9.25959,201122.3366,Limited service
BWA,Botswana,rural,Drinking water,2014,23.1469,169088.5238,Limited service
BWA,Botswana,urban,Drinking water,2014,2.22219,32033.80934,Limited service
BWA,Botswana,total,Drinking water,2015,8.31305,183159.092,Limited service
BWA,Botswana,rural,Drinking water,2015,21.50039,155590.8092,Limited service
BWA,Botswana,urban,Drinking water,2015,1.86321,27568.27408,Limited service
BWA,Botswana,total,Drinking water,2016,7.38847,165115.832,Limited service
BWA,Botswana,rural,Drinking water,2016,19.85236,142267.1169,Limited service
BWA,Botswana,urban,Drinking water,2016,1.50504,22848.71918,Limited service
BWA,Botswana,total,Drinking water,2017,6.48592,147019.4339,Limited service
BWA,Botswana,rural,Drinking water,2017,18.20282,129147.5126,Limited service
BWA,Botswana,urban,Drinking water,2017,1.14766,17871.92062,Limited service
BWA,Botswana,total,Drinking water,2018,5.60659,128903.4319,Limited service
BWA,Botswana,rural,Drinking water,2018,16.55176,116272.7105,Limited service
BWA,Botswana,urban,Drinking water,2018,0.79107,12630.72421,Limited service
BWA,Botswana,total,Drinking water,2019,4.74957,110763.9918,Limited service
BWA,Botswana,rural,Drinking water,2019,14.89918,103640.7172,Limited service
BWA,Botswana,urban,Drinking water,2019,0.43528,7123.28098,Limited service
BWA,Botswana,total,Drinking water,2020,4.64924,109996.0819,Limited service
BWA,Botswana,rural,Drinking water,2020,14.90598,102705.1232,Limited service
BWA,Botswana,urban,Drinking water,2020,0.43479,7290.96333,Limited service
BWA,Botswana,total,Drinking water,2021,4.55199,109313.2973,Limited service
BWA,Botswana,rural,Drinking water,2021,14.91279,101849.876,Limited service
BWA,Botswana,urban,Drinking water,2021,0.43431,7463.42506,Limited service
BWA,Botswana,total,Drinking water,2022,4.45739,108755.4838,Limited service
BWA,Botswana,rural,Drinking water,2022,14.9196,101110.8136,Limited service
BWA,Botswana,urban,Drinking water,2022,0.43382,7644.67496,Limited service
BWA,Botswana,total,Drinking water,2024,4.27689,107826.352,Limited service
BWA,Botswana,rural,Drinking water,2024,14.93322,99806.75871,Limited service
BWA,Botswana,urban,Drinking water,2024,0.43284,8019.59268,Limited service
COD,Democratic Republic of the Congo,total,Drinking water,2000,7.44467,3760112.895,Limited service
COD,Democratic Republic of the Congo,rural,Drinking water,2000,6.56098,2149916.338,Limited service
COD,Democratic Republic of the Congo,urban,Drinking water,2000,9.07704,1610196.452,Limited service
COD,Democratic Republic of the Congo,total,Drinking water,2001,8.05768,4200680.364,Limited service
COD,Democratic Republic of the Congo,rural,Drinking water,2001,7.01293,2354956.997,Limited service
COD,Democratic Republic of the Congo,urban,Drinking water,2001,9.94868,1845723.49,Limited service
COD,Democratic Republic of the Congo,total,Drinking water,2002,8.68306,4667192.87,Limited service
COD,Democratic Republic of the Congo,rural,Drinking water,2002,7.4728,2568459.07,Limited service
COD,Democratic Republic of the Congo,urban,Drinking water,2002,10.82952,2098733.693,Limited service
COD,Democratic Republic of the Congo,total,Drinking water,2003,9.32089,5158540.567,Limited service
COD,Democratic Republic of the Congo,rural,Drinking water,2003,7.94058,2789443.8,Limited service
COD,Democratic Republic of the Congo,urban,Drinking water,2003,11.71956,2369096.889,Limited service
COD,Democratic Republic of the Congo,total,Drinking water,2004,9.97121,5683362.925,Limited service
COD,Democratic Republic of the Congo,rural,Drinking water,2004,8.41628,3022164.75,Limited service
COD,Democratic Republic of the Congo,urban,Drinking water,2004,12.61879,2661197.989,Limited service
COD,Democratic Republic of the Congo,total,Drinking water,2005,10.63426,6250363.185,Limited service
COD,Democratic Republic of the Congo,rural,Drinking water,2005,8.89988,3270351.186,Limited service
COD,Democratic Republic of the Congo,urban,Drinking water,2005,13.52723,2980011.927,Limited service
COD,Democratic Republic of the Congo,total,Drinking water,2006,11.31025,6855813.406,Limited service
COD,Democratic Republic of the Congo,rural,Drinking water,2006,9.39141,3531116.893,Limited service
COD,Democratic Republic of the Congo,urban,Drinking water,2006,14.44486,3324696.923,Limited service
COD,Democratic Republic of the Congo,total,Drinking water,2007,11.99933,7496910.36,Limited service
COD,Democratic Republic of the Congo,rural,Drinking water,2007,9.89084,3802293.612,Limited service
COD,Democratic Republic of the Congo,urban,Drinking water,2007,15.3717,3694616.592,Limited service
COD,Democratic Republic of the Congo,total,Drinking water,2008,12.70149,8178576.207,Limited service
COD,Democratic Republic of the Congo,rural,Drinking water,2008,10.39819,4085841.641,Limited service
COD,Democratic Republic of the Congo,urban,Drinking water,2008,16.30773,4092734.745,Limited service
COD,Democratic Republic of the Congo,total,Drinking water,2009,13.41699,8910497.813,Limited service
COD,Democratic Republic of the Congo,rural,Drinking water,2009,10.91346,4385602.431,Limited service
COD,Democratic Republic of the Congo,urban,Drinking water,2009,17.25296,4524895.415,Limited service
COD,Democratic Republic of the Congo,total,Drinking water,2010,14.14582,9698802.785,Limited service
COD,Democratic Republic of the Congo,rural,Drinking water,2010,11.43664,4703764.3,Limited service
COD,Democratic Republic of the Congo,urban,Drinking water,2010,18.20739,4995038.073,Limited service
COD,Democratic Republic of the Congo,total,Drinking water,2011,14.88823,10548209.02,Limited service
COD,Democratic Republic of the Congo,rural,Drinking water,2011,11.96773,5041306.931,Limited service
COD,Democratic Republic of the Congo,urban,Drinking water,2011,19.17102,5506901.987,Limited service
COD,Democratic Republic of the Congo,total,Drinking water,2012,15.64421,11460108.74,Limited service
COD,Democratic Republic of the Congo,rural,Drinking water,2012,12.50674,5397927.272,Limited service
COD,Democratic Republic of the Congo,urban,Drinking water,2012,20.14384,6062181.26,Limited service
COD,Democratic Republic of the Congo,total,Drinking water,2013,16.41388,12439977.78,Limited service
COD,Democratic Republic of the Congo,rural,Drinking water,2013,13.05366,5775009.196,Limited service
COD,Democratic Republic of the Congo,urban,Drinking water,2013,21.12587,6664968.802,Limited service
COD,Democratic Republic of the Congo,total,Drinking water,2014,17.19742,13483335.32,Limited service
COD,Democratic Republic of the Congo,rural,Drinking water,2014,13.60849,6169104.604,Limited service
COD,Democratic Republic of the Congo,urban,Drinking water,2014,22.11709,7314230.495,Limited service
COD,Democratic Republic of the Congo,total,Drinking water,2015,17.99488,14582246.23,Limited service
COD,Democratic Republic of the Congo,rural,Drinking water,2015,14.17124,6575589.512,Limited service
COD,Democratic Republic of the Congo,urban,Drinking water,2015,23.11752,8006656.084,Limited service
COD,Democratic Republic of the Congo,total,Drinking water,2016,18.80637,15789152.01,Limited service
COD,Democratic Republic of the Congo,rural,Drinking water,2016,14.7419,7016764.453,Limited service
COD,Democratic Republic of the Congo,urban,Drinking water,2016,24.12714,8772387.852,Limited service
COD,Democratic Republic of the Congo,total,Drinking water,2017,19.6319,17096126.69,Limited service
COD,Democratic Republic of the Congo,rural,Drinking water,2017,15.32048,7487302.925,Limited service
COD,Democratic Republic of the Congo,urban,Drinking water,2017,25.14596,9608824.069,Limited service
COD,Democratic Republic of the Congo,total,Drinking water,2018,20.47168,18434267.81,Limited service
COD,Democratic Republic of the Congo,rural,Drinking water,2018,15.90697,7955467.756,Limited service
COD,Democratic Republic of the Congo,urban,Drinking water,2018,26.17398,10478800.62,Limited service
COD,Democratic Republic of the Congo,total,Drinking water,2019,21.32572,19821713.38,Limited service
COD,Democratic Republic of the Congo,rural,Drinking water,2019,16.50137,8428628.245,Limited service
COD,Democratic Republic of the Congo,urban,Drinking water,2019,27.2112,11393085.83,Limited service
COD,Democratic Republic of the Congo,total,Drinking water,2020,22.19412,21304137.35,Limited service
COD,Democratic Republic of the Congo,rural,Drinking water,2020,17.10369,8925062.784,Limited service
COD,Democratic Republic of the Congo,urban,Drinking water,2020,28.25762,12379073.66,Limited service
COD,Democratic Republic of the Congo,total,Drinking water,2021,23.07687,22880466.93,Limited service
COD,Democratic Republic of the Congo,rural,Drinking water,2021,17.71393,9442837.325,Limited service
COD,Democratic Republic of the Congo,urban,Drinking water,2021,29.31323,13437628.89,Limited service
COD,Democratic Republic of the Congo,total,Drinking water,2022,23.97405,24548697.07,Limited service
COD,Democratic Republic of the Congo,rural,Drinking water,2022,18.33207,9979484.897,Limited service
COD,Democratic Republic of the Congo,urban,Drinking water,2022,30.37805,14569212.04,Limited service
COD,Democratic Republic of the Congo,total,Drinking water,2024,24.12077,26358272.82,Limited service
COD,Democratic Republic of the Congo,rural,Drinking water,2024,18.33207,10405935.82,Limited service
COD,Democratic Republic of the Congo,urban,Drinking water,2024,30.37805,15952336.82,Limited service
ETH,Ethiopia,total,Drinking water,2000,7.08957,4779187.871,Limited service
ETH,Ethiopia,rural,Drinking water,2000,5.94699,3418033.846,Limited service
ETH,Ethiopia,urban,Drinking water,2000,13.69859,1361154.071,Limited service
ETH,Ethiopia,total,Drinking water,2001,8.02697,5577764.162,Limited service
ETH,Ethiopia,rural,Drinking water,2001,7.03333,4157774.336,Limited service
ETH,Ethiopia,urban,Drinking water,2001,13.69003,1419989.746,Limited service
ETH,Ethiopia,total,Drinking water,2002,8.9608,6419117.357,Limited service
ETH,Ethiopia,rural,Drinking water,2002,8.12008,4937466.541,Limited service
ETH,Ethiopia,urban,Drinking water,2002,13.68117,1481650.745,Limited service
ETH,Ethiopia,total,Drinking water,2003,9.89079,7302635.602,Limited service
ETH,Ethiopia,rural,Drinking water,2003,9.20724,5757182.763,Limited service
ETH,Ethiopia,urban,Drinking water,2003,13.672,1545453.048,Limited service
ETH,Ethiopia,total,Drinking water,2004,10.81694,8229225.608,Limited service
ETH,Ethiopia,rural,Drinking water,2004,10.29481,6617728.601,Limited service
ETH,Ethiopia,urban,Drinking water,2004,13.66253,1611497.11,Limited service
ETH,Ethiopia,total,Drinking water,2005,11.73917,9199693.812,Limited service
ETH,Ethiopia,rural,Drinking water,2005,11.38279,7519900.159,Limited service
ETH,Ethiopia,urban,Drinking water,2005,13.65276,1679793.895,Limited service
ETH,Ethiopia,total,Drinking water,2006,12.65744,10214994.84,Limited service
ETH,Ethiopia,rural,Drinking water,2006,12.47118,8464494.368,Limited service
ETH,Ethiopia,urban,Drinking water,2006,13.64269,1750499.834,Limited service
ETH,Ethiopia,total,Drinking water,2007,13.57164,11278468.71,Limited service
ETH,Ethiopia,rural,Drinking water,2007,13.55998,9452704.765,Limited service
ETH,Ethiopia,urban,Drinking water,2007,13.63231,1825763.85,Limited service
ETH,Ethiopia,total,Drinking water,2008,14.47954,12386332.42,Limited service
ETH,Ethiopia,rural,Drinking water,2008,14.64919,10462514.39,Limited service
ETH,Ethiopia,urban,Drinking water,2008,13.62163,1923818.313,Limited service
ETH,Ethiopia,total,Drinking water,2009,15.37894,13534645.35,Limited service
ETH,Ethiopia,rural,Drinking water,2009,15.73882,11509095.59,Limited service
ETH,Ethiopia,urban,Drinking water,2009,13.61065,2025549.199,Limited service
ETH,Ethiopia,total,Drinking water,2010,16.26954,14730195.56,Limited service
ETH,Ethiopia,rural,Drinking water,2010,16.82885,12597766.22,Limited service
ETH,Ethiopia,urban,Drinking water,2010,13.59936,2132429.902,Limited service
ETH,Ethiopia,total,Drinking water,2011,17.1511,15976243,Limited service
ETH,Ethiopia,rural,Drinking water,2011,17.91929,13731523.19,Limited service
ETH,Ethiopia,urban,Drinking water,2011,13.58778,2244720.538,Limited service
ETH,Ethiopia,total,Drinking water,2012,18.02329,17266085.34,Limited service
ETH,Ethiopia,rural,Drinking water,2012,19.01015,14904281.17,Limited service
ETH,Ethiopia,urban,Drinking water,2012,13.57588,2361804.289,Limited service
ETH,Ethiopia,total,Drinking water,2013,18.88703,18592156.13,Limited service
ETH,Ethiopia,rural,Drinking water,2013,20.10141,16112035.89,Limited service
ETH,Ethiopia,urban,Drinking water,2013,13.56369,2480120.633,Limited service
ETH,Ethiopia,total,Drinking water,2014,19.74128,19961515.19,Limited service
ETH,Ethiopia,rural,Drinking water,2014,21.19309,17358338.41,Limited service
ETH,Ethiopia,urban,Drinking water,2014,13.55119,2603176.848,Limited service
ETH,Ethiopia,total,Drinking water,2015,20.58585,21381930.6,Limited service
ETH,Ethiopia,rural,Drinking water,2015,22.28517,18649977.26,Limited service
ETH,Ethiopia,urban,Drinking water,2015,13.53839,2731954.124,Limited service
ETH,Ethiopia,total,Drinking water,2016,21.42039,22859451.5,Limited service
ETH,Ethiopia,rural,Drinking water,2016,23.37767,19992003.41,Limited service
ETH,Ethiopia,urban,Drinking water,2016,13.52529,2867447.215,Limited service
ETH,Ethiopia,total,Drinking water,2017,22.24486,24395159.94,Limited service
ETH,Ethiopia,rural,Drinking water,2017,24.47057,21385621.25,Limited service
ETH,Ethiopia,urban,Drinking water,2017,13.51189,3009538.052,Limited service
ETH,Ethiopia,total,Drinking water,2018,23.05869,25978873.84,Limited service
ETH,Ethiopia,rural,Drinking water,2018,25.56389,22821318.24,Limited service
ETH,Ethiopia,urban,Drinking water,2018,13.49818,3157555.901,Limited service
ETH,Ethiopia,total,Drinking water,2019,23.86155,27616736.84,Limited service
ETH,Ethiopia,rural,Drinking water,2019,26.65762,24304316.67,Limited service
ETH,Ethiopia,urban,Drinking water,2019,13.48417,3312420.729,Limited service
ETH,Ethiopia,total,Drinking water,2020,24.6533,29317126.27,Limited service
ETH,Ethiopia,rural,Drinking water,2020,27.75175,25842011.77,Limited service
ETH,Ethiopia,urban,Drinking water,2020,13.46985,3475113.092,Limited service
ETH,Ethiopia,total,Drinking water,2021,25.43349,31064102.82,Limited service
ETH,Ethiopia,rural,Drinking water,2021,28.8463,27420018.54,Limited service
ETH,Ethiopia,urban,Drinking water,2021,13.45524,3644083.699,Limited service
ETH,Ethiopia,total,Drinking water,2022,26.20198,32853167.94,Limited service
ETH,Ethiopia,rural,Drinking water,2022,29.94126,29034325.04,Limited service
ETH,Ethiopia,urban,Drinking water,2022,13.44032,3818842.572,Limited service
ETH,Ethiopia,total,Drinking water,2024,27.7024,36583722.45,Limited service
ETH,Ethiopia,rural,Drinking water,2024,32.13241,32393677.65,Limited service
ETH,Ethiopia,urban,Drinking water,2024,13.40957,4190043.051,Limited service
GHA,Ghana,total,Drinking water,2000,10.35048,2032531.888,Limited service
GHA,Ghana,rural,Drinking water,2000,9.91845,1092091.677,Limited service
GHA,Ghana,urban,Drinking water,2000,10.90192,940440.2197,Limited service
GHA,Ghana,total,Drinking water,2001,10.4564,2108748.799,Limited service
GHA,Ghana,rural,Drinking water,2001,10.0625,1124217.746,Limited service
GHA,Ghana,urban,Drinking water,2001,10.94566,984531.1193,Limited service
GHA,Ghana,total,Drinking water,2002,10.29604,2134305.36,Limited service
GHA,Ghana,rural,Drinking water,2002,10.08709,1144295.862,Limited service
GHA,Ghana,urban,Drinking water,2002,10.54859,990009.5264,Limited service
GHA,Ghana,total,Drinking water,2003,10.12656,2156623.102,Limited service
GHA,Ghana,rural,Drinking water,2003,10.10832,1163533.977,Limited service
GHA,Ghana,urban,Drinking water,2003,10.14801,993089.1171,Limited service
GHA,Ghana,total,Drinking water,2004,9.94793,2175442.553,Limited service
GHA,Ghana,rural,Drinking water,2004,10.12618,1181837.037,Limited service
GHA,Ghana,urban,Drinking water,2004,9.74392,993605.5287,Limited service
GHA,Ghana,total,Drinking water,2005,9.76014,2191096.466,Limited service
GHA,Ghana,rural,Drinking water,2005,10.14066,1199544.353,Limited service
GHA,Ghana,urban,Drinking water,2005,9.33632,991552.163,Limited service
GHA,Ghana,total,Drinking water,2006,9.56317,2203420.452,Limited service
GHA,Ghana,rural,Drinking water,2006,10.15177,1216580.994,Limited service
GHA,Ghana,urban,Drinking water,2006,8.9252,986839.4486,Limited service
GHA,Ghana,total,Drinking water,2007,9.35699,2212206.54,Limited service
GHA,Ghana,rural,Drinking water,2007,10.15951,1232939.617,Limited service
GHA,Ghana,urban,Drinking water,2007,8.51058,979266.8921,Limited service
GHA,Ghana,total,Drinking water,2008,9.14161,2216835.071,Limited service
GHA,Ghana,rural,Drinking water,2008,10.16388,1248363.585,Limited service
GHA,Ghana,urban,Drinking water,2008,8.09245,968471.5522,Limited service
GHA,Ghana,total,Drinking water,2009,8.91707,2217021.038,Limited service
GHA,Ghana,rural,Drinking water,2009,10.16487,1262845.814,Limited service
GHA,Ghana,urban,Drinking water,2009,7.67081,954175.2941,Limited service
GHA,Ghana,total,Drinking water,2010,8.68328,2212065.986,Limited service
GHA,Ghana,rural,Drinking water,2010,10.1625,1275989.237,Limited service
GHA,Ghana,urban,Drinking water,2010,7.24566,936076.7306,Limited service
GHA,Ghana,total,Drinking water,2011,8.44032,2202509.181,Limited service
GHA,Ghana,rural,Drinking water,2011,10.15675,1288260.115,Limited service
GHA,Ghana,urban,Drinking water,2011,6.817,914249.0637,Limited service
GHA,Ghana,total,Drinking water,2012,8.18823,2189063.307,Limited service
GHA,Ghana,rural,Drinking water,2012,10.14763,1300209.55,Limited service
GHA,Ghana,urban,Drinking water,2012,6.38483,888853.7979,Limited service
GHA,Ghana,total,Drinking water,2013,7.92712,2170935.55,Limited service
GHA,Ghana,rural,Drinking water,2013,10.13514,1311540.862,Limited service
GHA,Ghana,urban,Drinking water,2013,5.94915,859394.7491,Limited service
GHA,Ghana,total,Drinking water,2014,7.65703,2147153.135,Limited service
GHA,Ghana,rural,Drinking water,2014,10.11928,1321786.261,Limited service
GHA,Ghana,urban,Drinking water,2014,5.50996,825366.8991,Limited service
GHA,Ghana,total,Drinking water,2015,7.37802,2117200.818,Limited service
GHA,Ghana,rural,Drinking water,2015,10.10005,1330733.43,Limited service
GHA,Ghana,urban,Drinking water,2015,5.06726,786467.3859,Limited service
GHA,Ghana,total,Drinking water,2016,7.09013,2081430.017,Limited service
GHA,Ghana,rural,Drinking water,2016,10.07745,1338709.918,Limited service
GHA,Ghana,urban,Drinking water,2016,4.62105,742720.0513,Limited service
GHA,Ghana,total,Drinking water,2017,6.79346,2038606.6,Limited service
GHA,Ghana,rural,Drinking water,2017,10.05147,1345049.884,Limited service
GHA,Ghana,urban,Drinking water,2017,4.17134,693556.7356,Limited service
GHA,Ghana,total,Drinking water,2018,6.48809,1987794.462,Limited service
GHA,Ghana,rural,Drinking water,2018,10.02212,1349193.448,Limited service
GHA,Ghana,urban,Drinking water,2018,3.71811,638600.9983,Limited service
GHA,Ghana,total,Drinking water,2019,6.17414,1929969.852,Limited service
GHA,Ghana,rural,Drinking water,2019,9.9894,1351859.167,Limited service
GHA,Ghana,urban,Drinking water,2019,3.26137,578110.7355,Limited service
GHA,Ghana,total,Drinking water,2020,5.8516,1865947.504,Limited service
GHA,Ghana,rural,Drinking water,2020,9.95331,1353696.816,Limited service
GHA,Ghana,urban,Drinking water,2020,2.80112,512250.7168,Limited service
GHA,Ghana,total,Drinking water,2021,5.52062,1795233.1,Limited service
GHA,Ghana,rural,Drinking water,2021,9.91385,1354500.836,Limited service
GHA,Ghana,urban,Drinking water,2021,2.33736,440732.2552,Limited service
GHA,Ghana,total,Drinking water,2022,5.18128,1717549.126,Limited service
GHA,Ghana,rural,Drinking water,2022,9.87101,1354182.152,Limited service
GHA,Ghana,urban,Drinking water,2022,1.8701,363366.9581,Limited service
GHA,Ghana,total,Drinking water,2024,4.47777,1541579.095,Limited service
GHA,Ghana,rural,Drinking water,2024,9.77523,1351056.654,Limited service
GHA,Ghana,urban,Drinking water,2024,0.92459,190522.3789,Limited service
KEN,Kenya,total,Drinking water,2000,6.72648,2061187.843,Limited service
KEN,Kenya,rural,Drinking water,2000,7.2804,1787148.551,Limited service
KEN,Kenya,urban,Drinking water,2000,4.49578,274039.2782,Limited service
KEN,Kenya,total,Drinking water,2001,6.83753,2161971.438,Limited service
KEN,Kenya,rural,Drinking water,2001,7.44372,1877287.869,Limited service
KEN,Kenya,urban,Drinking water,2001,4.4486,284683.6051,Limited service
KEN,Kenya,total,Drinking water,2002,6.94668,2266688.793,Limited service
KEN,Kenya,rural,Drinking water,2002,7.60671,1970973.858,Limited service
KEN,Kenya,urban,Drinking water,2002,4.4013,295714.9329,Limited service
KEN,Kenya,total,Drinking water,2003,7.05389,2373791.943,Limited service
KEN,Kenya,rural,Drinking water,2003,7.76936,2066865.208,Limited service
KEN,Kenya,urban,Drinking water,2003,4.3539,306926.7558,Limited service
KEN,Kenya,total,Drinking water,2004,7.15914,2485184.93,Limited service
KEN,Kenya,rural,Drinking water,2004,7.93169,2166622.914,Limited service
KEN,Kenya,urban,Drinking water,2004,4.30638,318562.0499,Limited service
KEN,Kenya,total,Drinking water,2005,7.26247,2599708.864,Limited service
KEN,Kenya,rural,Drinking water,2005,8.09369,2269276.776,Limited service
KEN,Kenya,urban,Drinking water,2005,4.25876,330432.1253,Limited service
KEN,Kenya,total,Drinking water,2006,7.36379,2717531.853,Limited service
KEN,Kenya,rural,Drinking water,2006,8.25536,2374945.091,Limited service
KEN,Kenya,urban,Drinking water,2006,4.21102,342586.7893,Limited service
KEN,Kenya,total,Drinking water,2007,7.46306,2838674.234,Limited service
KEN,Kenya,rural,Drinking water,2007,8.4167,2483649.953,Limited service
KEN,Kenya,urban,Drinking water,2007,4.16317,355024.3131,Limited service
KEN,Kenya,total,Drinking water,2008,7.56026,2964100.3,Limited service
KEN,Kenya,rural,Drinking water,2008,8.57771,2596240.311,Limited service
KEN,Kenya,urban,Drinking water,2008,4.1152,367859.9324,Limited service
KEN,Kenya,total,Drinking water,2009,7.65545,3093481.113,Limited service
KEN,Kenya,rural,Drinking water,2009,8.73838,2712472.83,Limited service
KEN,Kenya,urban,Drinking water,2009,4.06713,381008.2385,Limited service
KEN,Kenya,total,Drinking water,2010,7.74852,3223271.55,Limited service
KEN,Kenya,rural,Drinking water,2010,8.89873,2829206.314,Limited service
KEN,Kenya,urban,Drinking water,2010,4.01894,394065.1247,Limited service
KEN,Kenya,total,Drinking water,2011,7.83918,3351912.71,Limited service
KEN,Kenya,rural,Drinking water,2011,9.05875,2944970.517,Limited service
KEN,Kenya,urban,Drinking water,2011,3.97064,406942.2577,Limited service
KEN,Kenya,total,Drinking water,2012,7.92743,3479215.469,Limited service
KEN,Kenya,rural,Drinking water,2012,9.21843,3059606.733,Limited service
KEN,Kenya,urban,Drinking water,2012,3.92223,419608.7549,Limited service
KEN,Kenya,total,Drinking water,2013,8.01311,3604840.624,Limited service
KEN,Kenya,rural,Drinking water,2013,9.37779,3172765.869,Limited service
KEN,Kenya,urban,Drinking water,2013,3.87371,432074.5879,Limited service
KEN,Kenya,total,Drinking water,2014,8.09626,3728443.95,Limited service
KEN,Kenya,rural,Drinking water,2014,9.53682,3284175.351,Limited service
KEN,Kenya,urban,Drinking water,2014,3.82508,444268.5499,Limited service
KEN,Kenya,total,Drinking water,2015,8.17677,3850319.828,Limited service
KEN,Kenya,rural,Drinking water,2015,9.69551,3394064.714,Limited service
KEN,Kenya,urban,Drinking water,2015,3.77633,456255.2458,Limited service
KEN,Kenya,total,Drinking water,2016,8.25458,3973729.226,Limited service
KEN,Kenya,rural,Drinking water,2016,9.85388,3505302.77,Limited service
KEN,Kenya,urban,Drinking water,2016,3.72747,468426.4623,Limited service
KEN,Kenya,total,Drinking water,2017,8.32963,4097993.373,Limited service
KEN,Kenya,rural,Drinking water,2017,10.01191,3617289.923,Limited service
KEN,Kenya,urban,Drinking water,2017,3.6785,480703.4973,Limited service
KEN,Kenya,total,Drinking water,2018,8.4018,4218302.308,Limited service
KEN,Kenya,rural,Drinking water,2018,10.16962,3725754.016,Limited service
KEN,Kenya,urban,Drinking water,2018,3.62942,492548.1739,Limited service
KEN,Kenya,total,Drinking water,2019,8.47116,4337473.717,Limited service
KEN,Kenya,rural,Drinking water,2019,10.32699,3833221.212,Limited service
KEN,Kenya,urban,Drinking water,2019,3.58023,504252.4073,Limited service
KEN,Kenya,total,Drinking water,2020,8.53751,4458061.702,Limited service
KEN,Kenya,rural,Drinking water,2020,10.48404,3941902.895,Limited service
KEN,Kenya,urban,Drinking water,2020,3.53092,516159.0258,Limited service
KEN,Kenya,total,Drinking water,2021,8.60087,4577310.333,Limited service
KEN,Kenya,rural,Drinking water,2021,10.64075,4049383.557,Limited service
KEN,Kenya,urban,Drinking water,2021,3.48151,527926.5855,Limited service
KEN,Kenya,total,Drinking water,2022,8.66109,4698856.103,Limited service
KEN,Kenya,rural,Drinking water,2022,10.79714,4158858.324,Limited service
KEN,Kenya,urban,Drinking water,2022,3.43198,539997.7771,Limited service
KEN,Kenya,total,Drinking water,2024,8.7722,4950413.162,Limited service
KEN,Kenya,rural,Drinking water,2024,11.10891,4385288.427,Limited service
KEN,Kenya,urban,Drinking water,2024,3.33259,565124.4571,Limited service
NER,Niger,total,Drinking water,2000,6.19802,713368.7883,Limited service
NER,Niger,rural,Drinking water,2000,6.76486,652584.3701,Limited service
NER,Niger,urban,Drinking water,2000,3.2628,60784.37718,Limited service
NER,Niger,total,Drinking water,2001,6.55991,781983.4941,Limited service
NER,Niger,rural,Drinking water,2001,7.13824,712563.9685,Limited service
NER,Niger,urban,Drinking water,2001,3.58147,69419.55279,Limited service
NER,Niger,total,Drinking water,2002,6.93135,855962.0966,Limited service
NER,Niger,rural,Drinking water,2002,7.51949,777650.268,Limited service
NER,Niger,urban,Drinking water,2002,3.90125,78311.82773,Limited service
NER,Niger,total,Drinking water,2003,7.30953,935399.5786,Limited service
NER,Niger,rural,Drinking water,2003,7.90862,847594.4379,Limited service
NER,Niger,urban,Drinking water,2003,4.22213,87805.09138,Limited service
NER,Niger,total,Drinking water,2004,7.6945,1020739.296,Limited service
NER,Niger,rural,Drinking water,2004,8.30563,922799.6429,Limited service
NER,Niger,urban,Drinking water,2004,4.54413,97939.64198,Limited service
NER,Niger,total,Drinking water,2005,8.08628,1112364.43,Limited service
NER,Niger,rural,Drinking water,2005,8.71051,1003616.715,Limited service
NER,Niger,urban,Drinking water,2005,4.86724,108747.7053,Limited service
NER,Niger,total,Drinking water,2006,8.48481,1210662.299,Limited service
NER,Niger,rural,Drinking water,2006,9.12326,1090379.961,Limited service
NER,Niger,urban,Drinking water,2006,5.19145,120282.3829,Limited service
NER,Niger,total,Drinking water,2007,8.89013,1316059.669,Limited service
NER,Niger,rural,Drinking water,2007,9.54389,1183479.558,Limited service
NER,Niger,urban,Drinking water,2007,5.51678,132580.1488,Limited service
NER,Niger,total,Drinking water,2008,9.30227,1429006.376,Limited service
NER,Niger,rural,Drinking water,2008,9.97239,1283330.15,Limited service
NER,Niger,urban,Drinking water,2008,5.84321,145676.2242,Limited service
NER,Niger,total,Drinking water,2009,9.72115,1549908.899,Limited service
NER,Niger,rural,Drinking water,2009,10.40877,1390280.076,Limited service
NER,Niger,urban,Drinking water,2009,6.17076,159628.8759,Limited service
NER,Niger,total,Drinking water,2010,10.14682,1679181.083,Limited service
NER,Niger,rural,Drinking water,2010,10.85302,1504711.791,Limited service
NER,Niger,urban,Drinking water,2010,6.49941,174469.2674,Limited service
NER,Niger,total,Drinking water,2011,10.57933,1817135.072,Limited service
NER,Niger,rural,Drinking water,2011,11.30515,1626921.753,Limited service
NER,Niger,urban,Drinking water,2011,6.82917,190213.3746,Limited service
NER,Niger,total,Drinking water,2012,11.01857,1965357.697,Limited service
NER,Niger,rural,Drinking water,2012,11.76515,1758310.799,Limited service
NER,Niger,urban,Drinking water,2012,7.16005,207046.8652,Limited service
NER,Niger,total,Drinking water,2013,11.46461,2123234.126,Limited service
NER,Niger,rural,Drinking water,2013,12.23303,1898345.543,Limited service
NER,Niger,urban,Drinking water,2013,7.49203,224888.6752,Limited service
NER,Niger,total,Drinking water,2014,11.9167,2289902.906,Limited service
NER,Niger,rural,Drinking water,2014,12.70878,2046022.972,Limited service
NER,Niger,urban,Drinking water,2014,7.82512,243880.0323,Limited service
NER,Niger,total,Drinking water,2015,12.37469,2467450.424,Limited service
NER,Niger,rural,Drinking water,2015,13.19241,2203123.341,Limited service
NER,Niger,urban,Drinking water,2015,8.15933,264327.1171,Limited service
NER,Niger,total,Drinking water,2016,12.83858,2655757.15,Limited service
NER,Niger,rural,Drinking water,2016,13.68391,2369512.655,Limited service
NER,Niger,urban,Drinking water,2016,8.49464,286244.6428,Limited service
NER,Niger,total,Drinking water,2017,13.3082,2852672.356,Limited service
NER,Niger,rural,Drinking water,2017,14.18329,2543170.562,Limited service
NER,Niger,urban,Drinking water,2017,8.83106,309501.7936,Limited service
NER,Niger,total,Drinking water,2018,13.78356,3058306.397,Limited service
NER,Niger,rural,Drinking water,2018,14.69054,2724167.098,Limited service
NER,Niger,urban,Drinking water,2018,9.16859,334139.3299,Limited service
NER,Niger,total,Drinking water,2019,14.26446,3273373.671,Limited service
NER,Niger,rural,Drinking water,2019,15.20567,2913022.655,Limited service
NER,Niger,urban,Drinking water,2019,9.50724,360350.9298,Limited service
NER,Niger,total,Drinking water,2020,14.75078,3498533.591,Limited service
NER,Niger,rural,Drinking water,2020,15.72867,3110238.255,Limited service
NER,Niger,urban,Drinking water,2020,9.84699,388295.2913,Limited service
NER,Niger,total,Drinking water,2021,15.24248,3734733.388,Limited service
NER,Niger,rural,Drinking water,2021,16.25955,3316587.913,Limited service
NER,Niger,urban,Drinking water,2021,10.18785,418145.293,Limited service
NER,Niger,total,Drinking water,2022,15.7393,3983927.914,Limited service
NER,Niger,rural,Drinking water,2022,16.7983,3533651.387,Limited service
NER,Niger,urban,Drinking water,2022,10.52982,450276.5885,Limited service
NER,Niger,total,Drinking water,2024,16.74793,4527368.669,Limited service
NER,Niger,rural,Drinking water,2024,17.89943,4004851.101,Limited service
NER,Niger,urban,Drinking water,2024,11.21709,522517.2879,Limited service
NGA,Nigeria,total,Drinking water,2000,8.50175,10744728.45,Limited service
NGA,Nigeria,rural,Drinking water,2000,6.19214,5099276.955,Limited service
NGA,Nigeria,urban,Drinking water,2000,12.82135,5645451.229,Limited service
NGA,Nigeria,total,Drinking water,2001,8.74663,11358602.78,Limited service
NGA,Nigeria,rural,Drinking water,2001,6.4296,5371408.481,Limited service
NGA,Nigeria,urban,Drinking water,2001,12.92553,5987194.223,Limited service
NGA,Nigeria,total,Drinking water,2002,8.70968,11624977.94,Limited service
NGA,Nigeria,rural,Drinking water,2002,6.51374,5520003.705,Limited service
NGA,Nigeria,urban,Drinking water,2002,12.52869,6104973.635,Limited service
NGA,Nigeria,total,Drinking water,2003,8.65531,11875318.19,Limited service
NGA,Nigeria,rural,Drinking water,2003,6.58696,5661436.972,Limited service
NGA,Nigeria,urban,Drinking water,2003,12.12384,6213880.821,Limited service
NGA,Nigeria,total,Drinking water,2004,8.58344,12107541.35,Limited service
NGA,Nigeria,rural,Drinking water,2004,6.64925,5795243.534,Limited service
NGA,Nigeria,urban,Drinking water,2004,11.71097,6312297.956,Limited service
NGA,Nigeria,total,Drinking water,2005,8.49392,12317642.33,Limited service
NGA,Nigeria,rural,Drinking water,2005,6.70063,5920218.271,Limited service
NGA,Nigeria,urban,Drinking water,2005,11.29009,6397423.981,Limited service
NGA,Nigeria,total,Drinking water,2006,8.38678,12502789.76,Limited service
NGA,Nigeria,rural,Drinking water,2006,6.74108,6035381.085,Limited service
NGA,Nigeria,urban,Drinking water,2006,10.8612,6467408.64,Limited service
NGA,Nigeria,total,Drinking water,2007,8.26201,12662958.38,Limited service
NGA,Nigeria,rural,Drinking water,2007,6.77061,6141289.004,Limited service
NGA,Nigeria,urban,Drinking water,2007,10.4243,6521669.525,Limited service
NGA,Nigeria,total,Drinking water,2008,8.11958,12796060.61,Limited service
NGA,Nigeria,rural,Drinking water,2008,6.78922,6237579.045,Limited service
NGA,Nigeria,urban,Drinking water,2008,9.97939,6558481.546,Limited service
NGA,Nigeria,total,Drinking water,2009,7.95937,12898118.1,Limited service
NGA,Nigeria,rural,Drinking water,2009,6.79691,6323560.659,Limited service
NGA,Nigeria,urban,Drinking water,2009,9.52646,6574557.843,Limited service
NGA,Nigeria,total,Drinking water,2010,7.78148,12967275.14,Limited service
NGA,Nigeria,rural,Drinking water,2010,6.79368,6398729.154,Limited service
NGA,Nigeria,urban,Drinking water,2010,9.06552,6568545.808,Limited service
NGA,Nigeria,total,Drinking water,2011,7.58567,13000297.87,Limited service
NGA,Nigeria,rural,Drinking water,2011,6.77952,6463955.933,Limited service
NGA,Nigeria,urban,Drinking water,2011,8.59657,6536341.802,Limited service
NGA,Nigeria,total,Drinking water,2012,7.37213,12989733.59,Limited service
NGA,Nigeria,rural,Drinking water,2012,6.75444,6516477.108,Limited service
NGA,Nigeria,urban,Drinking water,2012,8.11961,6473256.437,Limited service
NGA,Nigeria,total,Drinking water,2013,7.14097,12928693.02,Limited service
NGA,Nigeria,rural,Drinking water,2013,6.71845,6554049.404,Limited service
NGA,Nigeria,urban,Drinking water,2013,7.63463,6374643.808,Limited service
NGA,Nigeria,total,Drinking water,2014,6.8924,12812755.14,Limited service
NGA,Nigeria,rural,Drinking water,2014,6.67153,6575377.161,Limited service
NGA,Nigeria,urban,Drinking water,2014,7.14165,6237377.851,Limited service
NGA,Nigeria,total,Drinking water,2015,6.62658,12635029.25,Limited service
NGA,Nigeria,rural,Drinking water,2015,6.61368,6577855.383,Limited service
NGA,Nigeria,urban,Drinking water,2015,6.64065,6057173.666,Limited service
NGA,Nigeria,total,Drinking water,2016,6.34372,12398402.89,Limited service
NGA,Nigeria,rural,Drinking water,2016,6.54492,6564283.996,Limited service
NGA,Nigeria,urban,Drinking water,2016,6.13163,5834118.961,Limited service
NGA,Nigeria,total,Drinking water,2017,6.04401,12103416.23,Limited service
NGA,Nigeria,rural,Drinking water,2017,6.46524,6535740.426,Limited service
NGA,Nigeria,urban,Drinking water,2017,5.61461,5567675.656,Limited service
NGA,Nigeria,total,Drinking water,2018,5.72768,11738238.35,Limited service
NGA,Nigeria,rural,Drinking water,2018,6.37463,6487102.853,Limited service
NGA,Nigeria,urban,Drinking water,2018,5.08957,5251135.218,Limited service
NGA,Nigeria,total,Drinking water,2019,5.39495,11301650.62,Limited service
NGA,Nigeria,rural,Drinking water,2019,6.2731,6418580.191,Limited service
NGA,Nigeria,urban,Drinking water,2019,4.55652,4883070.798,Limited service
NGA,Nigeria,total,Drinking water,2020,5.04606,10798365.08,Limited service
NGA,Nigeria,rural,Drinking water,2020,6.16065,6333645.941,Limited service
NGA,Nigeria,urban,Drinking water,2020,4.01546,4464718.528,Limited service
NGA,Nigeria,total,Drinking water,2021,4.68124,10229877.64,Limited service
NGA,Nigeria,rural,Drinking water,2021,6.03728,6234327.875,Limited service
NGA,Nigeria,urban,Drinking water,2021,3.46639,3995549.626,Limited service
NGA,Nigeria,total,Drinking water,2022,4.30074,9597136.189,Limited service
NGA,Nigeria,rural,Drinking water,2022,5.90299,6122479.397,Limited service
NGA,Nigeria,urban,Drinking water,2022,2.9093,3474656.7,Limited service
NGA,Nigeria,total,Drinking water,2024,3.94088,9169616.381,Limited service
NGA,Nigeria,rural,Drinking water,2024,5.8751,6147463.359,Limited service
NGA,Nigeria,urban,Drinking water,2024,2.36025,3022153.07,Limited service
SSD,South Sudan,total,Drinking water,2011,24.09989,2479422.796,Limited service
SSD,South Sudan,rural,Drinking water,2011,24.29594,2048866.182,Limited service
SSD,South Sudan,urban,Drinking water,2011,23.2087,430556.6216,Limited service
SSD,South Sudan,total,Drinking water,2012,25.2713,2718242.077,Limited service
SSD,South Sudan,rural,Drinking water,2012,25.75836,2265905.064,Limited service
SSD,South Sudan,urban,Drinking water,2012,23.08474,452337.185,Limited service
SSD,South Sudan,total,Drinking water,2013,26.46527,2955184.54,Limited service
SSD,South Sudan,rural,Drinking water,2013,27.25865,2483264.721,Limited service
SSD,South Sudan,urban,Drinking water,2013,22.95029,471919.851,Limited service
SSD,South Sudan,total,Drinking water,2014,27.68085,3109963.824,Limited service
SSD,South Sudan,rural,Drinking water,2014,28.79682,2632728.36,Limited service
SSD,South Sudan,urban,Drinking water,2014,22.80536,477235.2651,Limited service
SSD,South Sudan,total,Drinking water,2015,28.91694,3211966.448,Limited service
SSD,South Sudan,rural,Drinking water,2015,30.37286,2737677.18,Limited service
SSD,South Sudan,urban,Drinking water,2015,22.64995,474289.4466,Limited service
SSD,South Sudan,total,Drinking water,2016,30.17252,3267714.521,Limited service
SSD,South Sudan,rural,Drinking water,2016,31.98678,2802815.398,Limited service
SSD,South Sudan,urban,Drinking water,2016,22.48406,464899.1167,Limited service
SSD,South Sudan,total,Drinking water,2017,31.4465,3226144.392,Limited service
SSD,South Sudan,rural,Drinking water,2017,33.63857,2783395.723,Limited service
SSD,South Sudan,urban,Drinking water,2017,22.30769,442748.6878,Limited service
SSD,South Sudan,total,Drinking water,2018,32.7376,3314019.847,Limited service
SSD,South Sudan,rural,Drinking water,2018,35.32823,2874783.809,Limited service
SSD,South Sudan,urban,Drinking water,2018,22.12083,439236.0568,Limited service
SSD,South Sudan,total,Drinking water,2019,34.0446,3548599.348,Limited service
SSD,South Sudan,rural,Drinking water,2019,37.05577,3093873.695,Limited service
SSD,South Sudan,urban,Drinking water,2019,21.92349,454725.9137,Limited service
SSD,South Sudan,total,Drinking water,2020,35.36604,3783624.613,Limited service
SSD,South Sudan,rural,Drinking water,2020,38.82119,3314352.864,Limited service
SSD,South Sudan,urban,Drinking water,2020,21.71567,469271.9611,Limited service
SSD,South Sudan,total,Drinking water,2021,36.70075,3987822.219,Limited service
SSD,South Sudan,rural,Drinking water,2021,40.62448,3508644.497,Limited service
SSD,South Sudan,urban,Drinking water,2021,21.49736,479177.5307,Limited service
SSD,South Sudan,total,Drinking water,2022,38.0469,4193216.481,Limited service
SSD,South Sudan,rural,Drinking water,2022,42.46564,3704576.255,Limited service
SSD,South Sudan,urban,Drinking water,2022,21.26858,488640.1402,Limited service
SSD,South Sudan,total,Drinking water,2024,37.89556,4526020.918,Limited service
SSD,South Sudan,rural,Drinking water,2024,42.46564,3978355.236,Limited service
SSD,South Sudan,urban,Drinking water,2024,21.26858,547665.6105,Limited service
UGA,Uganda,total,Drinking water,2000,34.87605,8370304.476,Limited service
UGA,Uganda,rural,Drinking water,2000,37.22349,7612756.865,Limited service
UGA,Uganda,urban,Drinking water,2000,21.34741,757547.4945,Limited service
UGA,Uganda,total,Drinking water,2001,34.7181,8591228.34,Limited service
UGA,Uganda,rural,Drinking water,2001,37.17821,7801507.979,Limited service
UGA,Uganda,urban,Drinking water,2001,20.99432,789720.3662,Limited service
UGA,Uganda,total,Drinking water,2002,34.52799,8815985.959,Limited service
UGA,Uganda,rural,Drinking water,2002,37.09989,7992468.374,Limited service
UGA,Uganda,urban,Drinking water,2002,20.64075,823517.8036,Limited service
UGA,Uganda,total,Drinking water,2003,34.30605,9040371.782,Limited service
UGA,Uganda,rural,Drinking water,2003,36.98853,8181754.962,Limited service
UGA,Uganda,urban,Drinking water,2003,20.2867,858617.2874,Limited service
UGA,Uganda,total,Drinking water,2004,34.05246,9246780.397,Limited service
UGA,Uganda,rural,Drinking water,2004,36.84412,8353342.411,Limited service
UGA,Uganda,urban,Drinking water,2004,19.93216,893438.301,Limited service
UGA,Uganda,total,Drinking water,2005,33.76828,9442721.19,Limited service
UGA,Uganda,rural,Drinking water,2005,36.66666,8514261.311,Limited service
UGA,Uganda,urban,Drinking water,2005,19.57714,928460.2578,Limited service
UGA,Uganda,total,Drinking water,2006,33.45305,9632470.806,Limited service
UGA,Uganda,rural,Drinking water,2006,36.45616,8668052.972,Limited service
UGA,Uganda,urban,Drinking water,2006,19.22164,964417.6784,Limited service
UGA,Uganda,total,Drinking water,2007,33.10768,9817562.629,Limited service
UGA,Uganda,rural,Drinking water,2007,36.21261,8816236.928,Limited service
UGA,Uganda,urban,Drinking water,2007,18.86565,1001325.807,Limited service
UGA,Uganda,total,Drinking water,2008,32.73227,9996289.56,Limited service
UGA,Uganda,rural,Drinking water,2008,35.93602,8957111.963,Limited service
UGA,Uganda,urban,Drinking water,2008,18.50917,1039177.539,Limited service
UGA,Uganda,total,Drinking water,2009,32.32761,10167406.4,Limited service
UGA,Uganda,rural,Drinking water,2009,35.62639,9089645.683,Limited service
UGA,Uganda,urban,Drinking water,2009,18.15222,1077760.424,Limited service
UGA,Uganda,total,Drinking water,2010,31.89383,10330665.85,Limited service
UGA,Uganda,rural,Drinking water,2010,35.2837,9213454.5,Limited service
UGA,Uganda,urban,Drinking water,2010,17.79478,1117211.273,Limited service
UGA,Uganda,total,Drinking water,2011,31.43157,10483857.9,Limited service
UGA,Uganda,rural,Drinking water,2011,34.90798,9326593.271,Limited service
UGA,Uganda,urban,Drinking water,2011,17.43686,1157264.506,Limited service
UGA,Uganda,total,Drinking water,2012,30.94119,10624411.77,Limited service
UGA,Uganda,rural,Drinking water,2012,34.4992,9426686.897,Limited service
UGA,Uganda,urban,Drinking water,2012,17.07845,1197725.07,Limited service
UGA,Uganda,total,Drinking water,2013,30.42373,10750844.88,Limited service
UGA,Uganda,rural,Drinking water,2013,34.05739,9512604.17,Limited service
UGA,Uganda,urban,Drinking water,2013,16.71956,1238240.215,Limited service
UGA,Uganda,total,Drinking water,2014,29.87903,10874635.16,Limited service
UGA,Uganda,rural,Drinking water,2014,33.58252,9594205.359,Limited service
UGA,Uganda,urban,Drinking water,2014,16.36019,1280429.467,Limited service
UGA,Uganda,total,Drinking water,2015,29.30803,10999726.93,Limited service
UGA,Uganda,rural,Drinking water,2015,33.07462,9674989.856,Limited service
UGA,Uganda,urban,Drinking water,2015,16.00033,1324737.226,Limited service
UGA,Uganda,total,Drinking water,2016,28.71164,11139871.98,Limited service
UGA,Uganda,rural,Drinking water,2016,32.53366,9767006.14,Limited service
UGA,Uganda,urban,Drinking water,2016,15.63999,1372865.719,Limited service
UGA,Uganda,total,Drinking water,2017,28.09046,11286011.18,Limited service
UGA,Uganda,rural,Drinking water,2017,31.95966,9862062.342,Limited service
UGA,Uganda,urban,Drinking water,2017,15.27916,1423948.918,Limited service
UGA,Uganda,total,Drinking water,2018,27.44542,11407916.34,Limited service
UGA,Uganda,rural,Drinking water,2018,31.35262,9933754.38,Limited service
UGA,Uganda,urban,Drinking water,2018,14.91786,1474161.69,Limited service
UGA,Uganda,total,Drinking water,2019,26.77665,11513863.86,Limited service
UGA,Uganda,rural,Drinking water,2019,30.71253,9989095.432,Limited service
UGA,Uganda,urban,Drinking water,2019,14.55606,1524768.312,Limited service
UGA,Uganda,total,Drinking water,2020,26.08528,11596773.16,Limited service
UGA,Uganda,rural,Drinking water,2020,30.03939,10022137.61,Limited service
UGA,Uganda,urban,Drinking water,2020,14.19379,1574636.018,Limited service
UGA,Uganda,total,Drinking water,2021,25.37194,11648493.99,Limited service
UGA,Uganda,rural,Drinking water,2021,29.33321,10025891.01,Limited service
UGA,Uganda,urban,Drinking water,2021,13.83103,1622603.962,Limited service
UGA,Uganda,total,Drinking water,2022,24.63713,11656494.1,Limited service
UGA,Uganda,rural,Drinking water,2022,28.59399,9989648.805,Limited service
UGA,Uganda,urban,Drinking water,2022,13.46779,1666845.388,Limited service
UGA,Uganda,total,Drinking water,2024,23.1062,11556587.13,Limited service
UGA,Uganda,rural,Drinking water,2024,27.0164,9811401.265,Limited service
UGA,Uganda,urban,Drinking water,2024,12.73985,1745185.636,Limited service
ZAF,South Africa,total,Drinking water,2000,1.61899,763509.9676,Limited service
ZAF,South Africa,rural,Drinking water,2000,3.22195,655024.8439,Limited service
ZAF,South Africa,urban,Drinking water,2000,0.40435,108485.1213,Limited service
ZAF,South Africa,total,Drinking water,2001,1.62201,771536.6329,Limited service
ZAF,South Africa,rural,Drinking water,2001,3.26043,661172.4707,Limited service
ZAF,South Africa,urban,Drinking water,2001,0.40444,110364.1109,Limited service
ZAF,South Africa,total,Drinking water,2002,1.62313,779415.2172,Limited service
ZAF,South Africa,rural,Drinking water,2002,3.29892,666946.022,Limited service
ZAF,South Africa,urban,Drinking water,2002,0.40453,112469.1635,Limited service
ZAF,South Africa,total,Drinking water,2003,1.62331,787310.5713,Limited service
ZAF,South Africa,rural,Drinking water,2003,3.3374,672613.7323,Limited service
ZAF,South Africa,urban,Drinking water,2003,0.40462,114696.8409,Limited service
ZAF,South Africa,total,Drinking water,2004,1.6231,795180.745,Limited service
ZAF,South Africa,rural,Drinking water,2004,3.37588,678211.6587,Limited service
ZAF,South Africa,urban,Drinking water,2004,0.40472,116969.0755,Limited service
ZAF,South Africa,total,Drinking water,2005,1.6226,803022.9659,Limited service
ZAF,South Africa,rural,Drinking water,2005,3.41436,683748.7095,Limited service
ZAF,South Africa,urban,Drinking water,2005,0.40481,119274.2465,Limited service
ZAF,South Africa,total,Drinking water,2006,1.62173,810838.3221,Limited service
ZAF,South Africa,rural,Drinking water,2006,3.45285,689216.5481,Limited service
ZAF,South Africa,urban,Drinking water,2006,0.4049,121621.7533,Limited service
ZAF,South Africa,total,Drinking water,2007,1.62052,818823.8448,Limited service
ZAF,South Africa,rural,Drinking water,2007,3.49133,694781.1905,Limited service
ZAF,South Africa,urban,Drinking water,2007,0.40499,124042.6625,Limited service
ZAF,South Africa,total,Drinking water,2008,1.61892,827502.9604,Limited service
ZAF,South Africa,rural,Drinking water,2008,3.52981,700879.1842,Limited service
ZAF,South Africa,urban,Drinking water,2008,0.40508,126623.7521,Limited service
ZAF,South Africa,total,Drinking water,2009,1.61706,836482.7533,Limited service
ZAF,South Africa,rural,Drinking water,2009,3.5683,707192.0101,Limited service
ZAF,South Africa,urban,Drinking water,2009,0.40518,129290.8049,Limited service
ZAF,South Africa,total,Drinking water,2010,1.61486,845285.2649,Limited service
ZAF,South Africa,rural,Drinking water,2010,3.60678,713299.8114,Limited service
ZAF,South Africa,urban,Drinking water,2010,0.40527,131985.4229,Limited service
ZAF,South Africa,total,Drinking water,2011,1.61235,854470.465,Limited service
ZAF,South Africa,rural,Drinking water,2011,3.64526,719678.5548,Limited service
ZAF,South Africa,urban,Drinking water,2011,0.40536,134791.9145,Limited service
ZAF,South Africa,total,Drinking water,2012,1.6095,865632.9814,Limited service
ZAF,South Africa,rural,Drinking water,2012,3.68375,727660.3873,Limited service
ZAF,South Africa,urban,Drinking water,2012,0.40545,137972.6017,Limited service
ZAF,South Africa,total,Drinking water,2013,1.60642,878369.5087,Limited service
ZAF,South Africa,rural,Drinking water,2013,3.72223,736910.6678,Limited service
ZAF,South Africa,urban,Drinking water,2013,0.40554,141458.8933,Limited service
ZAF,South Africa,total,Drinking water,2014,1.603,891183.3862,Limited service
ZAF,South Africa,rural,Drinking water,2014,3.76071,746151.5629,Limited service
ZAF,South Africa,urban,Drinking water,2014,0.40564,145031.839,Limited service
ZAF,South Africa,total,Drinking water,2015,2.20697,1251869.43,Limited service
ZAF,South Africa,rural,Drinking water,2015,5.2536,1048135.238,Limited service
ZAF,South Africa,urban,Drinking water,2015,0.55404,203734.2645,Limited service
ZAF,South Africa,total,Drinking water,2016,2.8075,1607561.056,Limited service
ZAF,South Africa,rural,Drinking water,2016,6.77595,1344726.726,Limited service
ZAF,South Africa,urban,Drinking water,2016,0.7025,262834.3286,Limited service
ZAF,South Africa,total,Drinking water,2017,3.40434,1962096.194,Limited service
ZAF,South Africa,rural,Drinking water,2017,8.32776,1639103.942,Limited service
ZAF,South Africa,urban,Drinking water,2017,0.85104,322992.2496,Limited service
ZAF,South Africa,total,Drinking water,2018,3.99721,2342882.963,Limited service
ZAF,South Africa,rural,Drinking water,2018,9.90904,1954096.705,Limited service
ZAF,South Africa,urban,Drinking water,2018,0.99964,388786.2806,Limited service
ZAF,South Africa,total,Drinking water,2019,4.58583,2732598.487,Limited service
ZAF,South Africa,rural,Drinking water,2019,11.51978,2275134.481,Limited service
ZAF,South Africa,urban,Drinking water,2019,1.14831,457463.9541,Limited service
ZAF,South Africa,total,Drinking water,2020,5.16982,3130966.633,Limited service
ZAF,South Africa,rural,Drinking water,2020,13.15999,2601886.898,Limited service
ZAF,South Africa,urban,Drinking water,2020,1.29704,529079.7799,Limited service
ZAF,South Africa,total,Drinking water,2021,5.74914,3535873.307,Limited service
ZAF,South Africa,rural,Drinking water,2021,14.82966,2932554.398,Limited service
ZAF,South Africa,urban,Drinking water,2021,1.44585,603318.6671,Limited service
ZAF,South Africa,total,Drinking water,2022,6.32359,3944556.365,Limited service
ZAF,South Africa,rural,Drinking water,2022,16.52879,3264787.141,Limited service
ZAF,South Africa,urban,Drinking water,2022,1.59472,679769.3567,Limited service
ZAF,South Africa,total,Drinking water,2024,7.45672,4772837.48,Limited service
ZAF,South Africa,rural,Drinking water,2024,20.01545,3933334.385,Limited service
ZAF,South Africa,urban,Drinking water,2024,1.89266,839503.4441,Limited service
BWA,Botswana,total,Drinking water,2000,59.19699,992959.7106,Safely managed service
BWA,Botswana,urban,Drinking water,2000,84.13215,751035.8315,Safely managed service
BWA,Botswana,total,Drinking water,2001,59.60286,1020552.307,Safely managed service
BWA,Botswana,urban,Drinking water,2001,84.03966,777937.3002,Safely managed service
BWA,Botswana,total,Drinking water,2002,59.82907,1043875.519,Safely managed service
BWA,Botswana,urban,Drinking water,2002,83.94717,799275.4312,Safely managed service
BWA,Botswana,total,Drinking water,2003,60.02824,1065943.137,Safely managed service
BWA,Botswana,urban,Drinking water,2003,83.85468,819402.5828,Safely managed service
BWA,Botswana,total,Drinking water,2004,60.22644,1088379.665,Safely managed service
BWA,Botswana,urban,Drinking water,2004,83.76219,839924.7278,Safely managed service
BWA,Botswana,total,Drinking water,2005,60.42207,1111691.702,Safely managed service
BWA,Botswana,urban,Drinking water,2005,83.66971,861212.952,Safely managed service
BWA,Botswana,total,Drinking water,2006,61.69068,1156401.618,Safely managed service
BWA,Botswana,urban,Drinking water,2006,83.40221,881750.6816,Safely managed service
BWA,Botswana,total,Drinking water,2007,63.50897,1213784.077,Safely managed service
BWA,Botswana,urban,Drinking water,2007,82.58168,914278.659,Safely managed service
BWA,Botswana,total,Drinking water,2008,65.30496,1273427.215,Safely managed service
BWA,Botswana,urban,Drinking water,2008,81.76275,947744.8766,Safely managed service
BWA,Botswana,total,Drinking water,2009,67.07313,1335206.598,Safely managed service
BWA,Botswana,urban,Drinking water,2009,80.94545,981913.9306,Safely managed service
BWA,Botswana,total,Drinking water,2010,68.81617,1399109.21,Safely managed service
BWA,Botswana,urban,Drinking water,2010,80.12975,1016770.692,Safely managed service
BWA,Botswana,total,Drinking water,2011,70.53226,1462511.01,Safely managed service
BWA,Botswana,urban,Drinking water,2011,79.31567,1050348.197,Safely managed service
BWA,Botswana,total,Drinking water,2012,70.44698,1485457.05,Safely managed service
BWA,Botswana,urban,Drinking water,2012,78.50321,1072125.362,Safely managed service
BWA,Botswana,total,Drinking water,2013,69.87544,1495810.906,Safely managed service
BWA,Botswana,urban,Drinking water,2013,77.69235,1090558.248,Safely managed service
BWA,Botswana,total,Drinking water,2014,69.30036,1505234.327,Safely managed service
BWA,Botswana,urban,Drinking water,2014,76.88311,1108302.615,Safely managed service
BWA,Botswana,total,Drinking water,2015,68.72162,1514124.795,Safely managed service
BWA,Botswana,urban,Drinking water,2015,76.07549,1125618.936,Safely managed service
BWA,Botswana,total,Drinking water,2016,68.1393,1522760.831,Safely managed service
BWA,Botswana,urban,Drinking water,2016,75.26948,1142703.85,Safely managed service
BWA,Botswana,total,Drinking water,2017,67.55308,1531257.34,Safely managed service
BWA,Botswana,urban,Drinking water,2017,74.46508,1159611.21,Safely managed service
BWA,Botswana,total,Drinking water,2018,66.96084,1539524.135,Safely managed service
BWA,Botswana,urban,Drinking water,2018,73.66229,1176137.379,Safely managed service
BWA,Botswana,total,Drinking water,2019,66.36296,1547639.262,Safely managed service
BWA,Botswana,urban,Drinking water,2019,72.86112,1192349.86,Safely managed service
BWA,Botswana,total,Drinking water,2020,65.75935,1555796.56,Safely managed service
BWA,Botswana,urban,Drinking water,2020,72.06156,1208382.025,Safely managed service
BWA,Botswana,total,Drinking water,2021,65.14994,1564537.476,Safely managed service
BWA,Botswana,urban,Drinking water,2021,71.26362,1224644.807,Safely managed service
BWA,Botswana,total,Drinking water,2022,64.53551,1574596.865,Safely managed service
BWA,Botswana,urban,Drinking water,2022,70.46729,1241765.705,Safely managed service
BWA,Botswana,total,Drinking water,2024,63.29104,1595655.124,Safely managed service
BWA,Botswana,urban,Drinking water,2024,68.87946,1276188.384,Safely managed service
COD,Democratic Republic of the Congo,total,Drinking water,2000,12.21198,6167958.539,Safely managed service
COD,Democratic Republic of the Congo,rural,Drinking water,2000,0.65483,214577.2449,Safely managed service
COD,Democratic Republic of the Congo,urban,Drinking water,2000,33.56055,5953381.085,Safely managed service
COD,Democratic Republic of the Congo,total,Drinking water,2001,12.21295,6366932.873,Safely managed service
COD,Democratic Republic of the Congo,rural,Drinking water,2001,0.64967,218161.8513,Safely managed service
COD,Democratic Republic of the Congo,urban,Drinking water,2001,33.14264,6148771.254,Safely managed service
COD,Democratic Republic of the Congo,total,Drinking water,2002,12.20843,6562093.32,Safely managed service
COD,Democratic Republic of the Congo,rural,Drinking water,2002,0.64427,221439.6848,Safely managed service
COD,Democratic Republic of the Congo,urban,Drinking water,2002,32.71793,6340653.626,Safely managed service
COD,Democratic Republic of the Congo,total,Drinking water,2003,12.19829,6751004.891,Safely managed service
COD,Democratic Republic of the Congo,rural,Drinking water,2003,0.63861,224338.2973,Safely managed service
COD,Democratic Republic of the Congo,urban,Drinking water,2003,32.28641,6526667.108,Safely managed service
COD,Democratic Republic of the Congo,total,Drinking water,2004,12.1824,6943693.904,Safely managed service
COD,Democratic Republic of the Congo,rural,Drinking water,2004,0.63271,227197.9552,Safely managed service
COD,Democratic Republic of the Congo,urban,Drinking water,2004,31.84809,6716495.915,Safely managed service
COD,Democratic Republic of the Congo,total,Drinking water,2005,12.16186,7148224.185,Safely managed service
COD,Democratic Republic of the Congo,rural,Drinking water,2005,0.62656,230237.0768,Safely managed service
COD,Democratic Republic of the Congo,urban,Drinking water,2005,31.40296,6917986.96,Safely managed service
COD,Democratic Republic of the Congo,total,Drinking water,2006,12.1371,7357010.388,Safely managed service
COD,Democratic Republic of the Congo,rural,Drinking water,2006,0.62017,233179.6801,Safely managed service
COD,Democratic Republic of the Congo,urban,Drinking water,2006,30.95102,7123831.082,Safely managed service
COD,Democratic Republic of the Congo,total,Drinking water,2007,12.10788,7564731.474,Safely managed service
COD,Democratic Republic of the Congo,rural,Drinking water,2007,0.61352,235854.6333,Safely managed service
COD,Democratic Republic of the Congo,urban,Drinking water,2007,30.49228,7328877.006,Safely managed service
COD,Democratic Republic of the Congo,total,Drinking water,2008,12.07341,7774147.727,Safely managed service
COD,Democratic Republic of the Congo,rural,Drinking water,2008,0.60663,238369.4583,Safely managed service
COD,Democratic Republic of the Congo,urban,Drinking water,2008,30.02672,7535778.193,Safely managed service
COD,Democratic Republic of the Congo,total,Drinking water,2009,12.03406,7992068.357,Safely managed service
COD,Democratic Republic of the Congo,rural,Drinking water,2009,0.5995,240909.327,Safely managed service
COD,Democratic Republic of the Congo,urban,Drinking water,2009,29.55437,7751158.675,Safely managed service
COD,Democratic Republic of the Congo,total,Drinking water,2010,11.98905,8220057.472,Safely managed service
COD,Democratic Republic of the Congo,rural,Drinking water,2010,0.59211,243529.0776,Safely managed service
COD,Democratic Republic of the Congo,urban,Drinking water,2010,29.0752,7976528.118,Safely managed service
COD,Democratic Republic of the Congo,total,Drinking water,2011,11.93873,8458504.965,Safely managed service
COD,Democratic Republic of the Congo,rural,Drinking water,2011,0.58448,246207.0953,Safely managed service
COD,Democratic Republic of the Congo,urban,Drinking water,2011,28.58923,8212297.718,Safely managed service
COD,Democratic Republic of the Congo,total,Drinking water,2012,11.88231,8704338.039,Safely managed service
COD,Democratic Republic of the Congo,rural,Drinking water,2012,0.5766,248861.3976,Safely managed service
COD,Democratic Republic of the Congo,urban,Drinking water,2012,28.09645,8455476.39,Safely managed service
COD,Democratic Republic of the Congo,total,Drinking water,2013,11.81958,8957990.144,Safely managed service
COD,Democratic Republic of the Congo,rural,Drinking water,2013,0.56847,251495.5458,Safely managed service
COD,Democratic Republic of the Congo,urban,Drinking water,2013,27.59687,8706494.712,Safely managed service
COD,Democratic Republic of the Congo,total,Drinking water,2014,11.75061,9212861.494,Safely managed service
COD,Democratic Republic of the Congo,rural,Drinking water,2014,0.5601,253908.2419,Safely managed service
COD,Democratic Republic of the Congo,urban,Drinking water,2014,27.09048,8958952.646,Safely managed service
COD,Democratic Republic of the Congo,total,Drinking water,2015,11.67491,9460821.66,Safely managed service
COD,Democratic Republic of the Congo,rural,Drinking water,2015,0.55148,255890.7188,Safely managed service
COD,Democratic Republic of the Congo,urban,Drinking water,2015,26.57728,9204930.419,Safely managed service
COD,Democratic Republic of the Congo,total,Drinking water,2016,11.59225,9732433.654,Safely managed service
COD,Democratic Republic of the Congo,rural,Drinking water,2016,0.54261,258267.6805,Safely managed service
COD,Democratic Republic of the Congo,urban,Drinking water,2016,26.05728,9474166.008,Safely managed service
COD,Democratic Republic of the Congo,total,Drinking water,2017,11.50216,10016475.48,Safely managed service
COD,Democratic Republic of the Congo,rural,Drinking water,2017,0.53349,260724.2735,Safely managed service
COD,Democratic Republic of the Congo,urban,Drinking water,2017,25.53047,9755751.385,Safely managed service
COD,Democratic Republic of the Congo,total,Drinking water,2018,11.4047,10269662.88,Safely managed service
COD,Democratic Republic of the Congo,rural,Drinking water,2018,0.52413,262129.9845,Safely managed service
COD,Democratic Republic of the Congo,urban,Drinking water,2018,24.99685,10007532.99,Safely managed service
COD,Democratic Republic of the Congo,total,Drinking water,2019,11.29939,10502492.49,Safely managed service
COD,Democratic Republic of the Congo,rural,Drinking water,2019,0.51452,262807.6121,Safely managed service
COD,Democratic Republic of the Congo,urban,Drinking water,2019,24.45642,10239685.48,Safely managed service
COD,Democratic Republic of the Congo,total,Drinking water,2020,11.18602,10737462.2,Safely managed service
COD,Democratic Republic of the Congo,rural,Drinking water,2020,0.50466,263342.5017,Safely managed service
COD,Democratic Republic of the Congo,urban,Drinking water,2020,23.90919,10474119.22,Safely managed service
COD,Democratic Republic of the Congo,total,Drinking water,2021,11.38409,11287205.25,Safely managed service
COD,Democratic Republic of the Congo,rural,Drinking water,2021,0.50901,271342.1709,Safely managed service
COD,Democratic Republic of the Congo,urban,Drinking water,2021,24.03032,11015862.2,Safely managed service
COD,Democratic Republic of the Congo,total,Drinking water,2022,11.58474,11862419.21,Safely managed service
COD,Democratic Republic of the Congo,rural,Drinking water,2022,0.51337,279463.0794,Safely managed service
COD,Democratic Republic of the Congo,urban,Drinking water,2022,24.15145,11582956.14,Safely managed service
COD,Democratic Republic of the Congo,total,Drinking water,2024,11.87265,12973986.49,Safely managed service
COD,Democratic Republic of the Congo,rural,Drinking water,2024,0.51337,291405.3077,Safely managed service
COD,Democratic Republic of the Congo,urban,Drinking water,2024,24.15145,12682581.4,Safely managed service
ETH,Ethiopia,total,Drinking water,2000,5.3565,3610894.035,Safely managed service
ETH,Ethiopia,rural,Drinking water,2000,0.09499,54594.5446,Safely managed service
ETH,Ethiopia,urban,Drinking water,2000,35.79042,3556299.463,Safely managed service
ETH,Ethiopia,total,Drinking water,2001,5.5017,3823007.67,Safely managed service
ETH,Ethiopia,rural,Drinking water,2001,0.16817,99412.06798,Safely managed service
ETH,Ethiopia,urban,Drinking water,2001,35.89894,3723595.43,Safely managed service
ETH,Ethiopia,total,Drinking water,2002,5.66309,4056786.731,Safely managed service
ETH,Ethiopia,rural,Drinking water,2002,0.25858,157230.3968,Safely managed service
ETH,Ethiopia,urban,Drinking water,2002,36.00746,3899556.182,Safely managed service
ETH,Ethiopia,total,Drinking water,2003,5.83951,4311466.736,Safely managed service
ETH,Ethiopia,rural,Drinking water,2003,0.36622,228996.3776,Safely managed service
ETH,Ethiopia,urban,Drinking water,2003,36.11597,4082470.625,Safely managed service
ETH,Ethiopia,total,Drinking water,2004,6.03121,4588375.616,Safely managed service
ETH,Ethiopia,rural,Drinking water,2004,0.49111,315693.4181,Safely managed service
ETH,Ethiopia,urban,Drinking water,2004,36.22449,4272682.286,Safely managed service
ETH,Ethiopia,total,Drinking water,2005,6.23809,4888630.976,Safely managed service
ETH,Ethiopia,rural,Drinking water,2005,0.63322,418329.2221,Safely managed service
ETH,Ethiopia,urban,Drinking water,2005,36.33301,4470301.639,Safely managed service
ETH,Ethiopia,total,Drinking water,2006,6.4604,5213765.397,Safely managed service
ETH,Ethiopia,rural,Drinking water,2006,0.79257,537936.0462,Safely managed service
ETH,Ethiopia,urban,Drinking water,2006,36.44152,4675829.363,Safely managed service
ETH,Ethiopia,total,Drinking water,2007,6.70337,5570714.787,Safely managed service
ETH,Ethiopia,rural,Drinking water,2007,0.96915,675598.9968,Safely managed service
ETH,Ethiopia,urban,Drinking water,2007,36.55004,4895115.77,Safely managed service
ETH,Ethiopia,total,Drinking water,2008,7.02329,6007980.336,Safely managed service
ETH,Ethiopia,rural,Drinking water,2008,1.16297,830597.5854,Safely managed service
ETH,Ethiopia,urban,Drinking water,2008,36.65856,5177382.848,Safely managed service
ETH,Ethiopia,total,Drinking water,2009,7.35899,6476469.853,Safely managed service
ETH,Ethiopia,rural,Drinking water,2009,1.37402,1004760.304,Safely managed service
ETH,Ethiopia,urban,Drinking water,2009,36.76707,5471709.217,Safely managed service
ETH,Ethiopia,total,Drinking water,2010,7.71129,6981684.083,Safely managed service
ETH,Ethiopia,rural,Drinking water,2010,1.60231,1199457.084,Safely managed service
ETH,Ethiopia,urban,Drinking water,2010,36.87559,5782226.97,Safely managed service
ETH,Ethiopia,total,Drinking water,2011,8.07925,7525814.414,Safely managed service
ETH,Ethiopia,rural,Drinking water,2011,1.84783,1415986.07,Safely managed service
ETH,Ethiopia,urban,Drinking water,2011,36.98411,6109828.603,Safely managed service
ETH,Ethiopia,total,Drinking water,2012,8.46332,8107755.505,Safely managed service
ETH,Ethiopia,rural,Drinking water,2012,2.11058,1654731.074,Safely managed service
ETH,Ethiopia,urban,Drinking water,2012,37.09262,6453024.216,Safely managed service
ETH,Ethiopia,total,Drinking water,2013,8.85663,8718357.646,Safely managed service
ETH,Ethiopia,rural,Drinking water,2013,2.39057,1916130.265,Safely managed service
ETH,Ethiopia,urban,Drinking water,2013,37.20114,6802227.411,Safely managed service
ETH,Ethiopia,total,Drinking water,2014,9.26525,9368616.367,Safely managed service
ETH,Ethiopia,rural,Drinking water,2014,2.68779,2201452.808,Safely managed service
ETH,Ethiopia,urban,Drinking water,2014,37.30965,7167163.796,Safely managed service
ETH,Ethiopia,total,Drinking water,2015,9.68857,10063242.94,Safely managed service
ETH,Ethiopia,rural,Drinking water,2015,3.00225,2512515.547,Safely managed service
ETH,Ethiopia,urban,Drinking water,2015,37.41817,7550727.274,Safely managed service
ETH,Ethiopia,total,Drinking water,2016,10.12667,10806995.8,Safely managed service
ETH,Ethiopia,rural,Drinking water,2016,3.33394,2851101.171,Safely managed service
ETH,Ethiopia,urban,Drinking water,2016,37.52669,7955894.202,Safely managed service
ETH,Ethiopia,total,Drinking water,2017,10.57858,11601159.65,Safely managed service
ETH,Ethiopia,rural,Drinking water,2017,3.68286,3218572.048,Safely managed service
ETH,Ethiopia,urban,Drinking water,2017,37.6352,8382587.61,Safely managed service
ETH,Ethiopia,total,Drinking water,2018,11.04505,12443813.78,Safely managed service
ETH,Ethiopia,rural,Drinking water,2018,4.04902,3614630.211,Safely managed service
ETH,Ethiopia,urban,Drinking water,2018,37.74372,8829183.967,Safely managed service
ETH,Ethiopia,total,Drinking water,2019,11.52577,13339627,Safely managed service
ETH,Ethiopia,rural,Drinking water,2019,4.43241,4041126.801,Safely managed service
ETH,Ethiopia,urban,Drinking water,2019,37.85224,9298499.661,Safely managed service
ETH,Ethiopia,total,Drinking water,2020,12.0201,14294022.15,Safely managed service
ETH,Ethiopia,rural,Drinking water,2020,4.83304,4500455.261,Safely managed service
ETH,Ethiopia,urban,Drinking water,2020,37.96075,9793566.124,Safely managed service
ETH,Ethiopia,total,Drinking water,2021,12.52805,15301581.48,Safely managed service
ETH,Ethiopia,rural,Drinking water,2021,5.2509,4991276.569,Safely managed service
ETH,Ethiopia,urban,Drinking water,2021,38.06927,10310304.9,Safely managed service
ETH,Ethiopia,total,Drinking water,2022,12.86582,16131715.92,Safely managed service
ETH,Ethiopia,rural,Drinking water,2022,5.44919,5284133.954,Safely managed service
ETH,Ethiopia,urban,Drinking water,2022,38.17779,10847581.91,Safely managed service
ETH,Ethiopia,total,Drinking water,2024,13.5472,17890401.97,Safely managed service
ETH,Ethiopia,rural,Drinking water,2024,5.84577,5893303.034,Safely managed service
ETH,Ethiopia,urban,Drinking water,2024,38.39482,11997098.57,Safely managed service
GHA,Ghana,total,Drinking water,2000,14.36161,2820202.539,Safely managed service
GHA,Ghana,rural,Drinking water,2000,0.40625,44730.75846,Safely managed service
GHA,Ghana,urban,Drinking water,2000,32.17425,2775471.788,Safely managed service
GHA,Ghana,total,Drinking water,2001,14.63595,2951641.501,Safely managed service
GHA,Ghana,rural,Drinking water,2001,0.41215,46046.60352,Safely managed service
GHA,Ghana,urban,Drinking water,2001,32.30336,2905594.942,Safely managed service
GHA,Ghana,total,Drinking water,2002,15.66651,3247572.001,Safely managed service
GHA,Ghana,rural,Drinking water,2002,0.96926,109954.6692,Safely managed service
GHA,Ghana,urban,Drinking water,2002,33.43144,3137617.183,Safely managed service
GHA,Ghana,total,Drinking water,2003,16.7175,3560275.972,Safely managed service
GHA,Ghana,rural,Drinking water,2003,1.54194,177486.9673,Safely managed service
GHA,Ghana,urban,Drinking water,2003,34.56746,3382789.06,Safely managed service
GHA,Ghana,total,Drinking water,2004,17.78912,3890177.577,Safely managed service
GHA,Ghana,rural,Drinking water,2004,2.13017,248614.3303,Safely managed service
GHA,Ghana,urban,Drinking water,2004,35.71145,3641563.418,Safely managed service
GHA,Ghana,total,Drinking water,2005,18.87991,4238433.045,Safely managed service
GHA,Ghana,rural,Drinking water,2005,2.73396,323401.7219,Safely managed service
GHA,Ghana,urban,Drinking water,2005,36.86338,3915031.377,Safely managed service
GHA,Ghana,total,Drinking water,2006,19.99073,4606005.094,Safely managed service
GHA,Ghana,rural,Drinking water,2006,3.35331,401858.36,Safely managed service
GHA,Ghana,urban,Drinking water,2006,38.02327,4204146.569,Safely managed service
GHA,Ghana,total,Drinking water,2007,21.12112,4993513.492,Safely managed service
GHA,Ghana,rural,Drinking water,2007,3.98822,484003.0489,Safely managed service
GHA,Ghana,urban,Drinking water,2007,39.19112,4509510.453,Safely managed service
GHA,Ghana,total,Drinking water,2008,22.27092,5400686.936,Safely managed service
GHA,Ghana,rural,Drinking water,2008,4.63869,569740.0501,Safely managed service
GHA,Ghana,urban,Drinking water,2008,40.36691,4830946.982,Safely managed service
GHA,Ghana,total,Drinking water,2009,23.43892,5827540.913,Safely managed service
GHA,Ghana,rural,Drinking water,2009,5.30471,659037.7452,Safely managed service
GHA,Ghana,urban,Drinking water,2009,41.55066,5168503.556,Safely managed service
GHA,Ghana,total,Drinking water,2010,24.6264,6273575.391,Safely managed service
GHA,Ghana,rural,Drinking water,2010,5.9863,751631.4307,Safely managed service
GHA,Ghana,urban,Drinking water,2010,42.74237,5521944.039,Safely managed service
GHA,Ghana,total,Drinking water,2011,25.83212,6740913.78,Safely managed service
GHA,Ghana,rural,Drinking water,2011,6.68344,847713.3183,Safely managed service
GHA,Ghana,urban,Drinking water,2011,43.94202,5893200.621,Safely managed service
GHA,Ghana,total,Drinking water,2012,27.05552,7233095.73,Safely managed service
GHA,Ghana,rural,Drinking water,2012,7.39615,947663.389,Safely managed service
GHA,Ghana,urban,Drinking water,2012,45.14964,6285432.396,Safely managed service
GHA,Ghana,total,Drinking water,2013,28.29566,7749104.435,Safely managed service
GHA,Ghana,rural,Drinking water,2013,8.12441,1051341.234,Safely managed service
GHA,Ghana,urban,Drinking water,2013,46.3652,6697763.272,Safely managed service
GHA,Ghana,total,Drinking water,2014,29.55233,8286943.235,Safely managed service
GHA,Ghana,rural,Drinking water,2014,8.86823,1158373.146,Safely managed service
GHA,Ghana,urban,Drinking water,2014,47.58872,7128570.074,Safely managed service
GHA,Ghana,total,Drinking water,2015,30.82531,8845651.838,Safely managed service
GHA,Ghana,rural,Drinking water,2015,9.62761,1268487.16,Safely managed service
GHA,Ghana,urban,Drinking water,2015,48.82019,7577164.384,Safely managed service
GHA,Ghana,total,Drinking water,2016,32.1144,9427740.465,Safely managed service
GHA,Ghana,rural,Drinking water,2016,10.40255,1381897.523,Safely managed service
GHA,Ghana,urban,Drinking water,2016,50.05962,8045843.137,Safely managed service
GHA,Ghana,total,Drinking water,2017,33.41898,10028486.27,Safely managed service
GHA,Ghana,rural,Drinking water,2017,11.19305,1497811.668,Safely managed service
GHA,Ghana,urban,Drinking water,2017,51.30699,8530674.847,Safely managed service
GHA,Ghana,total,Drinking water,2018,34.73885,10643143.48,Safely managed service
GHA,Ghana,rural,Drinking water,2018,11.9991,1615338.012,Safely managed service
GHA,Ghana,urban,Drinking water,2018,52.56233,9027805.6,Safely managed service
GHA,Ghana,total,Drinking water,2019,36.07336,11276152.96,Safely managed service
GHA,Ghana,rural,Drinking water,2019,12.82072,1735019.658,Safely managed service
GHA,Ghana,urban,Drinking water,2019,53.82561,9541133.485,Safely managed service
GHA,Ghana,total,Drinking water,2020,37.42272,11933286.24,Safely managed service
GHA,Ghana,rural,Drinking water,2020,13.65789,1857537.63,Safely managed service
GHA,Ghana,urban,Drinking water,2020,55.09685,10075748.73,Safely managed service
GHA,Ghana,total,Drinking water,2021,38.78629,12612784.43,Safely managed service
GHA,Ghana,rural,Drinking water,2021,14.51063,1982545.911,Safely managed service
GHA,Ghana,urban,Drinking water,2021,56.37605,10630237.87,Safely managed service
GHA,Ghana,total,Drinking water,2022,40.16385,13313974.23,Safely managed service
GHA,Ghana,rural,Drinking water,2022,15.37892,2109799.611,Safely managed service
GHA,Ghana,urban,Drinking water,2022,57.66319,11204175.14,Safely managed service
GHA,Ghana,total,Drinking water,2024,42.94139,14783609.84,Safely managed service
GHA,Ghana,rural,Drinking water,2024,17.16218,2372024.147,Safely managed service
GHA,Ghana,urban,Drinking water,2024,60.23233,12411584.68,Safely managed service
NGA,Nigeria,total,Drinking water,2000,12.61187,15939193.92,Safely managed service
NGA,Nigeria,rural,Drinking water,2000,8.88111,7313667.762,Safely managed service
NGA,Nigeria,urban,Drinking water,2000,19.58937,8625525.775,Safely managed service
NGA,Nigeria,total,Drinking water,2001,12.97652,16851639.36,Safely managed service
NGA,Nigeria,rural,Drinking water,2001,9.22169,7703973.993,Safely managed service
NGA,Nigeria,urban,Drinking water,2001,19.74855,9147665.26,Safely managed service
NGA,Nigeria,total,Drinking water,2002,13.78858,18403892.18,Safely managed service
NGA,Nigeria,rural,Drinking water,2002,9.69823,8218674.797,Safely managed service
NGA,Nigeria,urban,Drinking water,2002,20.90221,10185216.46,Safely managed service
NGA,Nigeria,total,Drinking water,2003,14.62508,20066002.56,Safely managed service
NGA,Nigeria,rural,Drinking water,2003,10.18447,8753469.341,Safely managed service
NGA,Nigeria,urban,Drinking water,2003,22.07176,11312532.54,Safely managed service
NGA,Nigeria,total,Drinking water,2004,15.48624,21844438.76,Safely managed service
NGA,Nigeria,rural,Drinking water,2004,10.68038,9308629.469,Safely managed service
NGA,Nigeria,urban,Drinking water,2004,23.25722,12535809.56,Safely managed service
NGA,Nigeria,total,Drinking water,2005,16.37212,23742399.72,Safely managed service
NGA,Nigeria,rural,Drinking water,2005,11.18599,9883176.836,Safely managed service
NGA,Nigeria,urban,Drinking water,2005,24.45858,13859222.81,Safely managed service
NGA,Nigeria,total,Drinking water,2006,17.28314,25765242.68,Safely managed service
NGA,Nigeria,rural,Drinking water,2006,11.70127,10476310.93,Safely managed service
NGA,Nigeria,urban,Drinking water,2006,25.67585,15288931.63,Safely managed service
NGA,Nigeria,total,Drinking water,2007,18.21961,27924693.89,Safely managed service
NGA,Nigeria,rural,Drinking water,2007,12.22625,11089828.78,Safely managed service
NGA,Nigeria,urban,Drinking water,2007,26.90902,16834865.37,Safely managed service
NGA,Nigeria,total,Drinking water,2008,19.18184,30229625.11,Safely managed service
NGA,Nigeria,rural,Drinking water,2008,12.76091,11724049.35,Safely managed service
NGA,Nigeria,urban,Drinking water,2008,28.15809,18505575.59,Safely managed service
NGA,Nigeria,total,Drinking water,2009,20.16951,32684577.77,Safely managed service
NGA,Nigeria,rural,Drinking water,2009,13.30525,12378650.04,Safely managed service
NGA,Nigeria,urban,Drinking water,2009,29.42307,20305929.26,Safely managed service
NGA,Nigeria,total,Drinking water,2010,21.18334,35300534.07,Safely managed service
NGA,Nigeria,rural,Drinking water,2010,13.85928,13053578.98,Safely managed service
NGA,Nigeria,urban,Drinking water,2010,30.70395,22246954.7,Safely managed service
NGA,Nigeria,total,Drinking water,2011,22.22153,38083177.26,Safely managed service
NGA,Nigeria,rural,Drinking water,2011,14.423,13751652.16,Safely managed service
NGA,Nigeria,urban,Drinking water,2011,32.00073,24331524.62,Safely managed service
NGA,Nigeria,total,Drinking water,2012,23.18942,40859908.7,Safely managed service
NGA,Nigeria,rural,Drinking water,2012,14.9964,14468056.32,Safely managed service
NGA,Nigeria,urban,Drinking water,2012,33.10413,26391852.53,Safely managed service
NGA,Nigeria,total,Drinking water,2013,23.77454,43043665.78,Safely managed service
NGA,Nigeria,rural,Drinking water,2013,15.57948,15198262.54,Safely managed service
NGA,Nigeria,urban,Drinking water,2013,33.34923,27845403.87,Safely managed service
NGA,Nigeria,total,Drinking water,2014,24.35749,45279831.24,Safely managed service
NGA,Nigeria,rural,Drinking water,2014,16.17225,15939183.7,Safely managed service
NGA,Nigeria,urban,Drinking water,2014,33.59433,29340647.57,Safely managed service
NGA,Nigeria,total,Drinking water,2015,24.93813,47550004.12,Safely managed service
NGA,Nigeria,rural,Drinking water,2015,16.77471,16683837.02,Safely managed service
NGA,Nigeria,urban,Drinking water,2015,33.83943,30866166.37,Safely managed service
NGA,Nigeria,total,Drinking water,2016,25.51578,49868993.62,Safely managed service
NGA,Nigeria,rural,Drinking water,2016,17.38685,17438293.14,Safely managed service
NGA,Nigeria,urban,Drinking water,2016,34.08453,32430700.06,Safely managed service
NGA,Nigeria,total,Drinking water,2017,26.09065,52247725.69,Safely managed service
NGA,Nigeria,rural,Drinking water,2017,18.00868,18205069.62,Safely managed service
NGA,Nigeria,urban,Drinking water,2017,34.32963,34042655.94,Safely managed service
NGA,Nigeria,total,Drinking water,2018,26.66228,54641341.29,Safely managed service
NGA,Nigeria,rural,Drinking water,2018,18.6402,18969081.2,Safely managed service
NGA,Nigeria,urban,Drinking water,2018,34.57473,35672257.9,Safely managed service
NGA,Nigeria,total,Drinking water,2019,27.23039,57043759.05,Safely managed service
NGA,Nigeria,rural,Drinking water,2019,19.2814,19728546.81,Safely managed service
NGA,Nigeria,urban,Drinking water,2019,34.81983,37315214.51,Safely managed service
NGA,Nigeria,total,Drinking water,2020,27.7949,59480028.66,Safely managed service
NGA,Nigeria,rural,Drinking water,2020,19.93228,20491986.98,Safely managed service
NGA,Nigeria,urban,Drinking water,2020,35.06493,38988038.69,Safely managed service
NGA,Nigeria,total,Drinking water,2021,28.35557,61965229.22,Safely managed service
NGA,Nigeria,rural,Drinking water,2021,20.59285,21264966.86,Safely managed service
NGA,Nigeria,urban,Drinking water,2021,35.31003,40700262.57,Safely managed service
NGA,Nigeria,total,Drinking water,2022,28.91234,64518141.82,Safely managed service
NGA,Nigeria,rural,Drinking water,2022,21.26311,22053733.47,Safely managed service
NGA,Nigeria,urban,Drinking water,2022,35.55513,42464407.58,Safely managed service
NGA,Nigeria,total,Drinking water,2024,29.9046,69581865.29,Safely managed service
NGA,Nigeria,rural,Drinking water,2024,22.39017,23428165.81,Safely managed service
NGA,Nigeria,urban,Drinking water,2024,36.04532,46153700.85,Safely managed service
UGA,Uganda,total,Drinking water,2000,2.61117,626684.5421,Safely managed service
UGA,Uganda,rural,Drinking water,2000,0.18147,37112.4753,Safely managed service
UGA,Uganda,urban,Drinking water,2000,16.61392,589572.0574,Safely managed service
UGA,Uganda,total,Drinking water,2001,3.09599,766124.7468,Safely managed service
UGA,Uganda,rural,Drinking water,2001,0.45739,95978.87839,Safely managed service
UGA,Uganda,urban,Drinking water,2001,17.81549,670145.8531,Safely managed service
UGA,Uganda,total,Drinking water,2002,3.59988,919153.709,Safely managed service
UGA,Uganda,rural,Drinking water,2002,0.74434,160354.7418,Safely managed service
UGA,Uganda,urban,Drinking water,2002,19.01863,758799.0063,Safely managed service
UGA,Uganda,total,Drinking water,2003,4.12299,1086496.02,Safely managed service
UGA,Uganda,rural,Drinking water,2003,1.04233,230560.4571,Safely managed service
UGA,Uganda,urban,Drinking water,2003,20.22334,855935.6638,Safely managed service
UGA,Uganda,total,Drinking water,2004,4.66567,1266939.516,Safely managed service
UGA,Uganda,rural,Drinking water,2004,1.35135,306379.437,Safely managed service
UGA,Uganda,urban,Drinking water,2004,21.42961,960560.0887,Safely managed service
UGA,Uganda,total,Drinking water,2005,5.22724,1461708.979,Safely managed service
UGA,Uganda,rural,Drinking water,2005,1.6714,388110.8583,Safely managed service
UGA,Uganda,urban,Drinking water,2005,22.63746,1073598.088,Safely managed service
UGA,Uganda,total,Drinking water,2006,5.80887,1672605.048,Safely managed service
UGA,Uganda,rural,Drinking water,2006,2.00248,476122.9383,Safely managed service
UGA,Uganda,urban,Drinking water,2006,23.84687,1196482.106,Safely managed service
UGA,Uganda,total,Drinking water,2007,6.41004,1900796.913,Safely managed service
UGA,Uganda,rural,Drinking water,2007,2.3446,570809.5949,Safely managed service
UGA,Uganda,urban,Drinking water,2007,25.05785,1329987.33,Safely managed service
UGA,Uganda,total,Drinking water,2008,7.03134,2147339.336,Safely managed service
UGA,Uganda,rural,Drinking water,2008,2.69774,672416.3451,Safely managed service
UGA,Uganda,urban,Drinking water,2008,26.2704,1474922.962,Safely managed service
UGA,Uganda,total,Drinking water,2009,7.67242,2413063.179,Safely managed service
UGA,Uganda,rural,Drinking water,2009,3.06192,781211.89,Safely managed service
UGA,Uganda,urban,Drinking water,2009,27.48451,1631851.226,Safely managed service
UGA,Uganda,total,Drinking water,2010,8.33387,2699406.994,Safely managed service
UGA,Uganda,rural,Drinking water,2010,3.43713,897519.8338,Safely managed service
UGA,Uganda,urban,Drinking water,2010,28.7002,1801887.13,Safely managed service
UGA,Uganda,total,Drinking water,2011,9.01557,3007102.206,Safely managed service
UGA,Uganda,rural,Drinking water,2011,3.82337,1021514.718,Safely managed service
UGA,Uganda,urban,Drinking water,2011,29.91745,1985587.417,Safely managed service
UGA,Uganda,total,Drinking water,2012,9.71789,3336874.649,Safely managed service
UGA,Uganda,rural,Drinking water,2012,4.22064,1153263.594,Safely managed service
UGA,Uganda,urban,Drinking water,2012,31.13627,2183611.043,Safely managed service
UGA,Uganda,total,Drinking water,2013,10.44012,3689230.351,Safely managed service
UGA,Uganda,rural,Drinking water,2013,4.62895,1292916.172,Safely managed service
UGA,Uganda,urban,Drinking water,2013,32.35666,2396314.11,Safely managed service
UGA,Uganda,total,Drinking water,2014,11.18345,4070275.989,Safely managed service
UGA,Uganda,rural,Drinking water,2014,5.04828,1442246.491,Safely managed service
UGA,Uganda,urban,Drinking water,2014,33.57862,2628029.422,Safely managed service
UGA,Uganda,total,Drinking water,2015,11.94741,4484037.578,Safely managed service
UGA,Uganda,rural,Drinking water,2015,5.47865,1602616.129,Safely managed service
UGA,Uganda,urban,Drinking water,2015,34.80214,2881421.628,Safely managed service
UGA,Uganda,total,Drinking water,2016,12.7315,4939715.154,Safely managed service
UGA,Uganda,rural,Drinking water,2016,5.92005,1777272.986,Safely managed service
UGA,Uganda,urban,Drinking water,2016,36.02724,3162442.171,Safely managed service
UGA,Uganda,total,Drinking water,2017,13.53574,5438306.307,Safely managed service
UGA,Uganda,rural,Drinking water,2017,6.37249,1966411.583,Safely managed service
UGA,Uganda,urban,Drinking water,2017,37.2539,3471894.784,Safely managed service
UGA,Uganda,total,Drinking water,2018,14.35951,5968650.809,Safely managed service
UGA,Uganda,rural,Drinking water,2018,6.83595,2165900.301,Safely managed service
UGA,Uganda,urban,Drinking water,2018,38.48213,3802750.325,Safely managed service
UGA,Uganda,total,Drinking water,2019,15.20377,6537566.541,Safely managed service
UGA,Uganda,rural,Drinking water,2019,7.31045,2377685.649,Safely managed service
UGA,Uganda,urban,Drinking water,2019,39.71193,4159880.646,Safely managed service
UGA,Uganda,total,Drinking water,2020,15.79763,7023176.333,Safely managed service
UGA,Uganda,rural,Drinking water,2020,7.79597,2600995.138,Safely managed service
UGA,Uganda,urban,Drinking water,2020,39.8616,4422181.355,Safely managed service
UGA,Uganda,total,Drinking water,2021,16.366,7513783.749,Safely managed service
UGA,Uganda,rural,Drinking water,2021,8.29253,2834330.781,Safely managed service
UGA,Uganda,urban,Drinking water,2021,39.88753,4679453.204,Safely managed service
UGA,Uganda,total,Drinking water,2022,16.93906,8014330.158,Safely managed service
UGA,Uganda,rural,Drinking water,2022,8.80012,3074427.717,Safely managed service
UGA,Uganda,urban,Drinking water,2022,39.91346,4939902.404,Safely managed service
UGA,Uganda,total,Drinking water,2024,18.09712,9051292.607,Safely managed service
UGA,Uganda,rural,Drinking water,2024,9.8484,3576591.311,Safely managed service
UGA,Uganda,urban,Drinking water,2024,39.96531,5474701.278,Safely managed service
ZAF,South Africa,total,Drinking water,2000,63.24773,29827451.26,Safely managed service
ZAF,South Africa,rural,Drinking water,2000,27.85442,5662827.199,Safely managed service
ZAF,South Africa,urban,Drinking water,2000,90.06691,24164623.42,Safely managed service
ZAF,South Africa,total,Drinking water,2001,63.69807,30299135.16,Safely managed service
ZAF,South Africa,rural,Drinking water,2001,28.18712,5715974.722,Safely managed service
ZAF,South Africa,urban,Drinking water,2001,90.0874,24583160.78,Safely managed service
ZAF,South Africa,total,Drinking water,2002,64.50803,30976376.28,Safely managed service
ZAF,South Africa,rural,Drinking water,2002,29.24808,5913122.297,Safely managed service
ZAF,South Africa,urban,Drinking water,2002,90.14819,25063252.66,Safely managed service
ZAF,South Africa,total,Drinking water,2003,65.32522,31682959.34,Safely managed service
ZAF,South Africa,rural,Drinking water,2003,30.32603,6111857.243,Safely managed service
ZAF,South Africa,urban,Drinking water,2003,90.20898,25571102.4,Safely managed service
ZAF,South Africa,total,Drinking water,2004,66.13766,32401780.74,Safely managed service
ZAF,South Africa,rural,Drinking water,2004,31.42097,6312445.069,Safely managed service
ZAF,South Africa,urban,Drinking water,2004,90.2698,26089334.04,Safely managed service
ZAF,South Africa,total,Drinking water,2005,66.94336,33130291.29,Safely managed service
ZAF,South Africa,rural,Drinking water,2005,32.5329,6514924.436,Safely managed service
ZAF,South Africa,urban,Drinking water,2005,90.33064,26615367.82,Safely managed service
ZAF,South Africa,total,Drinking water,2006,67.38559,33691636.18,Safely managed service
ZAF,South Africa,rural,Drinking water,2006,33.66183,6719173.756,Safely managed service
ZAF,South Africa,urban,Drinking water,2006,89.79607,26972461.5,Safely managed service
ZAF,South Africa,total,Drinking water,2007,67.6639,34189610.68,Safely managed service
ZAF,South Africa,rural,Drinking water,2007,34.80774,6926802.33,Safely managed service
ZAF,South Africa,urban,Drinking water,2007,89.01152,27262808.22,Safely managed service
ZAF,South Africa,total,Drinking water,2008,67.92725,34720742.39,Safely managed service
ZAF,South Africa,rural,Drinking water,2008,35.97065,7142322.915,Safely managed service
ZAF,South Africa,urban,Drinking water,2008,88.2266,27578418.35,Safely managed service
ZAF,South Africa,total,Drinking water,2009,68.17341,35265093.11,Safely managed service
ZAF,South Africa,rural,Drinking water,2009,37.15054,7362772.547,Safely managed service
ZAF,South Africa,urban,Drinking water,2009,87.44131,27902319.93,Safely managed service
ZAF,South Africa,total,Drinking water,2010,68.40384,35805343.37,Safely managed service
ZAF,South Africa,rural,Drinking water,2010,38.34743,7583829.569,Safely managed service
ZAF,South Africa,urban,Drinking water,2010,86.65566,28221513.54,Safely managed service
ZAF,South Africa,total,Drinking water,2011,68.61794,36364217.33,Safely managed service
ZAF,South Africa,rural,Drinking water,2011,39.56131,7810523.768,Safely managed service
ZAF,South Africa,urban,Drinking water,2011,85.86965,28553694.34,Safely managed service
ZAF,South Africa,total,Drinking water,2012,68.81603,37011029.58,Safely managed service
ZAF,South Africa,rural,Drinking water,2012,40.79218,8057786.184,Safely managed service
ZAF,South Africa,urban,Drinking water,2012,85.08327,28953242.93,Safely managed service
ZAF,South Africa,total,Drinking water,2013,68.99671,37726567.66,Safely managed service
ZAF,South Africa,rural,Drinking water,2013,42.04004,8322898.963,Safely managed service
ZAF,South Africa,urban,Drinking water,2013,84.29652,29403670.66,Safely managed service
ZAF,South Africa,total,Drinking water,2014,69.16122,38450067.35,Safely managed service
ZAF,South Africa,rural,Drinking water,2014,43.30489,8591987.825,Safely managed service
ZAF,South Africa,urban,Drinking water,2014,83.5094,29858079.44,Safely managed service
ZAF,South Africa,total,Drinking water,2015,69.30902,39314524.83,Safely managed service
ZAF,South Africa,rural,Drinking water,2015,44.58674,8895411.401,Safely managed service
ZAF,South Africa,urban,Drinking water,2015,82.72193,30419115.32,Safely managed service
ZAF,South Africa,total,Drinking water,2016,69.44003,39761048.43,Safely managed service
ZAF,South Africa,rural,Drinking water,2016,45.88557,9106260.247,Safely managed service
ZAF,South Africa,urban,Drinking water,2016,81.93408,30654787.52,Safely managed service
ZAF,South Africa,total,Drinking water,2017,69.55383,40087462.79,Safely managed service
ZAF,South Africa,rural,Drinking water,2017,47.2014,9290370.205,Safely managed service
ZAF,South Africa,urban,Drinking water,2017,81.14587,30797094.17,Safely managed service
ZAF,South Africa,total,Drinking water,2018,69.65042,40824199.39,Safely managed service
ZAF,South Africa,rural,Drinking water,2018,48.53421,9571113.387,Safely managed service
ZAF,South Africa,urban,Drinking water,2018,80.35729,31253085.92,Safely managed service
ZAF,South Africa,total,Drinking water,2019,69.72978,41550499.32,Safely managed service
ZAF,South Africa,rural,Drinking water,2019,49.88402,9851996.823,Safely managed service
ZAF,South Africa,urban,Drinking water,2019,79.56835,31698503.67,Safely managed service
ZAF,South Africa,total,Drinking water,2020,69.79218,42267806.53,Safely managed service
ZAF,South Africa,rural,Drinking water,2020,51.25082,10132899.35,Safely managed service
ZAF,South Africa,urban,Drinking water,2020,78.77904,32134904.78,Safely managed service
ZAF,South Africa,total,Drinking water,2021,69.60954,42811680.5,Safely managed service
ZAF,South Africa,rural,Drinking water,2021,51.92702,10268531.12,Safely managed service
ZAF,South Africa,urban,Drinking water,2021,77.98937,32543148.62,Safely managed service
ZAF,South Africa,total,Drinking water,2022,69.08608,43094801.09,Safely managed service
ZAF,South Africa,rural,Drinking water,2022,51.5772,10187591.68,Safely managed service
ZAF,South Africa,urban,Drinking water,2022,77.19933,32907209.06,Safely managed service
ZAF,South Africa,total,Drinking water,2024,68.00756,43529728.58,Safely managed service
ZAF,South Africa,rural,Drinking water,2024,50.82958,9988768.315,Safely managed service
ZAF,South Africa,urban,Drinking water,2024,75.61815,33540961.71,Safely managed service
BWA,Botswana,total,Drinking water,2000,3.04667,51104.22962,Surface water
BWA,Botswana,rural,Drinking water,2000,6.34986,49827.07523,Surface water
BWA,Botswana,urban,Drinking water,2000,0.14307,1277.1553,Surface water
BWA,Botswana,total,Drinking water,2001,2.8957,49581.68702,Surface water
BWA,Botswana,rural,Drinking water,2001,6.13634,48266.96043,Surface water
BWA,Botswana,urban,Drinking water,2001,0.14203,1314.72623,Surface water
BWA,Botswana,total,Drinking water,2002,2.76768,48289.44589,Surface water
BWA,Botswana,rural,Drinking water,2002,5.92283,46947.07616,Surface water
BWA,Botswana,urban,Drinking water,2002,0.14099,1342.36955,Surface water
BWA,Botswana,total,Drinking water,2003,2.64455,46960.21979,Surface water
BWA,Botswana,rural,Drinking water,2003,5.70932,45592.69457,Surface water
BWA,Botswana,urban,Drinking water,2003,0.13995,1367.52328,Surface water
BWA,Botswana,total,Drinking water,2004,2.52337,45600.97802,Surface water
BWA,Botswana,rural,Drinking water,2004,5.49581,44208.09158,Surface water
BWA,Botswana,urban,Drinking water,2004,0.13891,1392.88756,Surface water
BWA,Botswana,total,Drinking water,2005,2.4043,44236.07514,Surface water
BWA,Botswana,rural,Drinking water,2005,5.28229,42817.01633,Surface water
BWA,Botswana,urban,Drinking water,2005,0.13787,1419.0598,Surface water
BWA,Botswana,total,Drinking water,2006,2.28716,42873.14934,Surface water
BWA,Botswana,rural,Drinking water,2006,5.06878,41426.58893,Surface water
BWA,Botswana,urban,Drinking water,2006,0.13683,1446.56031,Surface water
BWA,Botswana,total,Drinking water,2007,2.12137,40543.57462,Surface water
BWA,Botswana,rural,Drinking water,2007,4.85527,39040.26619,Surface water
BWA,Botswana,urban,Drinking water,2007,0.13579,1503.30808,Surface water
BWA,Botswana,total,Drinking water,2008,1.96261,38270.27786,Surface water
BWA,Botswana,rural,Drinking water,2008,4.64176,36708.39473,Surface water
BWA,Botswana,urban,Drinking water,2008,0.13474,1561.88238,Surface water
BWA,Botswana,total,Drinking water,2009,1.81128,36056.66647,Surface water
BWA,Botswana,rural,Drinking water,2009,4.42824,34434.75867,Surface water
BWA,Botswana,urban,Drinking water,2009,0.1337,1621.91015,Surface water
BWA,Botswana,total,Drinking water,2010,1.66703,33892.59667,Surface water
BWA,Botswana,rural,Drinking water,2010,4.21473,32209.21694,Surface water
BWA,Botswana,urban,Drinking water,2010,0.13266,1683.37979,Surface water
BWA,Botswana,total,Drinking water,2011,1.5299,31723.04463,Surface water
BWA,Botswana,rural,Drinking water,2011,4.00122,29980.00488,Surface water
BWA,Botswana,urban,Drinking water,2011,0.13162,1743.04082,Surface water
BWA,Botswana,total,Drinking water,2012,1.41906,29922.55194,Surface water
BWA,Botswana,rural,Drinking water,2012,3.78771,28139.17021,Surface water
BWA,Botswana,urban,Drinking water,2012,0.13058,1783.3833,Surface water
BWA,Botswana,total,Drinking water,2013,1.31547,28159.96333,Surface water
BWA,Botswana,rural,Drinking water,2013,3.57419,26341.59049,Surface water
BWA,Botswana,urban,Drinking water,2013,0.12954,1818.37219,Surface water
BWA,Botswana,total,Drinking water,2014,1.21555,26402.24505,Surface water
BWA,Botswana,rural,Drinking water,2014,3.36068,24549.83392,Surface water
BWA,Botswana,urban,Drinking water,2014,0.1285,1852.4105,Surface water
BWA,Botswana,total,Drinking water,2015,1.11928,24660.88843,Surface water
BWA,Botswana,rural,Drinking water,2015,3.14717,22774.95675,Surface water
BWA,Botswana,urban,Drinking water,2015,0.12746,1885.93041,Surface water
BWA,Botswana,total,Drinking water,2016,1.02662,22942.58877,Surface water
BWA,Botswana,rural,Drinking water,2016,2.93366,21023.32828,Surface water
BWA,Botswana,urban,Drinking water,2016,0.12642,1919.26107,Surface water
BWA,Botswana,total,Drinking water,2017,0.93754,21251.68898,Surface water
BWA,Botswana,rural,Drinking water,2017,2.72014,19299.19431,Surface water
BWA,Botswana,urban,Drinking water,2017,0.12538,1952.49457,Surface water
BWA,Botswana,total,Drinking water,2018,0.85223,19593.8577,Surface water
BWA,Botswana,rural,Drinking water,2018,2.50663,17608.5688,Surface water
BWA,Botswana,urban,Drinking water,2018,0.12434,1985.28932,Surface water
BWA,Botswana,total,Drinking water,2019,0.77051,17969.00197,Surface water
BWA,Botswana,rural,Drinking water,2019,2.29312,15951.2438,Surface water
BWA,Botswana,urban,Drinking water,2019,0.1233,2017.7592,Surface water
BWA,Botswana,total,Drinking water,2020,0.6923,16379.01461,Surface water
BWA,Botswana,rural,Drinking water,2020,2.07961,14328.88417,Surface water
BWA,Botswana,urban,Drinking water,2020,0.12226,2050.13106,Surface water
BWA,Botswana,total,Drinking water,2021,0.61746,14827.95637,Surface water
BWA,Botswana,rural,Drinking water,2021,1.86609,12744.85063,Surface water
BWA,Botswana,urban,Drinking water,2021,0.12122,2083.10629,Surface water
BWA,Botswana,total,Drinking water,2022,0.54582,13317.37335,Surface water
BWA,Botswana,rural,Drinking water,2022,1.65258,11199.6108,Surface water
BWA,Botswana,urban,Drinking water,2022,0.12018,2117.76309,Surface water
BWA,Botswana,total,Drinking water,2024,0.41168,10379.13148,Surface water
BWA,Botswana,rural,Drinking water,2024,1.22556,8191.04601,Surface water
BWA,Botswana,urban,Drinking water,2024,0.1181,2188.08539,Surface water
COD,Democratic Republic of the Congo,total,Drinking water,2000,17.52705,8852465.409,Surface water
COD,Democratic Republic of the Congo,rural,Drinking water,2000,25.04816,8207834.105,Surface water
COD,Democratic Republic of the Congo,urban,Drinking water,2000,3.63393,644631.0942,Surface water
COD,Democratic Republic of the Congo,total,Drinking water,2001,17.02598,8876094.456,Surface water
COD,Democratic Republic of the Congo,rural,Drinking water,2001,24.50166,8227706.995,Surface water
COD,Democratic Republic of the Congo,urban,Drinking water,2001,3.49489,648387.6761,Surface water
COD,Democratic Republic of the Congo,total,Drinking water,2002,16.52808,8883931.989,Surface water
COD,Democratic Republic of the Congo,rural,Drinking water,2002,23.95517,8233576.225,Surface water
COD,Democratic Republic of the Congo,urban,Drinking water,2002,3.35585,650355.4193,Surface water
COD,Democratic Republic of the Congo,total,Drinking water,2003,16.03339,8873500.071,Surface water
COD,Democratic Republic of the Congo,rural,Drinking water,2003,23.40867,8223224.877,Surface water
COD,Democratic Republic of the Congo,urban,Drinking water,2003,3.21681,650275.0489,Surface water
COD,Democratic Republic of the Congo,total,Drinking water,2004,15.54195,8858560.157,Surface water
COD,Democratic Republic of the Congo,rural,Drinking water,2004,22.86218,8209483.667,Surface water
COD,Democratic Republic of the Congo,urban,Drinking water,2004,3.07777,649076.002,Surface water
COD,Democratic Republic of the Congo,total,Drinking water,2005,15.05301,8847515.987,Surface water
COD,Democratic Republic of the Congo,rural,Drinking water,2005,22.31569,8200121.651,Surface water
COD,Democratic Republic of the Congo,urban,Drinking water,2005,2.93873,647394.3009,Surface water
COD,Democratic Republic of the Congo,total,Drinking water,2006,14.56628,8829485.002,Surface water
COD,Democratic Republic of the Congo,rural,Drinking water,2006,21.76919,8185095.91,Surface water
COD,Democratic Republic of the Congo,urban,Drinking water,2006,2.79969,644389.6887,Surface water
COD,Democratic Republic of the Congo,total,Drinking water,2007,14.08188,8798042.178,Surface water
COD,Democratic Republic of the Congo,rural,Drinking water,2007,21.2227,8158549.363,Surface water
COD,Democratic Republic of the Congo,urban,Drinking water,2007,2.66065,639492.3007,Surface water
COD,Democratic Republic of the Congo,total,Drinking water,2008,13.60027,8757304.663,Surface water
COD,Democratic Republic of the Congo,rural,Drinking water,2008,20.67621,8124459.132,Surface water
COD,Democratic Republic of the Congo,urban,Drinking water,2008,2.52161,632845.9763,Surface water
COD,Democratic Republic of the Congo,total,Drinking water,2009,13.12119,8714049.34,Surface water
COD,Democratic Republic of the Congo,rural,Drinking water,2009,20.12971,8089178.474,Surface water
COD,Democratic Republic of the Congo,urban,Drinking water,2009,2.38257,624871.2956,Surface water
COD,Democratic Republic of the Congo,total,Drinking water,2010,12.64509,8669857.687,Surface water
COD,Democratic Republic of the Congo,rural,Drinking water,2010,19.58322,8054364.484,Surface water
COD,Democratic Republic of the Congo,urban,Drinking water,2010,2.24353,615492.7605,Surface water
COD,Democratic Republic of the Congo,total,Drinking water,2011,12.17172,8623580.202,Surface water
COD,Democratic Republic of the Congo,rural,Drinking water,2011,19.03673,8019062.583,Surface water
COD,Democratic Republic of the Congo,urban,Drinking water,2011,2.10449,604517.6135,Surface water
COD,Democratic Republic of the Congo,total,Drinking water,2012,11.70152,8571904.778,Surface water
COD,Democratic Republic of the Congo,rural,Drinking water,2012,18.49023,7980413.322,Surface water
COD,Democratic Republic of the Congo,urban,Drinking water,2012,1.96545,591491.3925,Surface water
COD,Democratic Republic of the Congo,total,Drinking water,2013,11.23458,8514618.769,Surface water
COD,Democratic Republic of the Congo,rural,Drinking water,2013,17.94374,7938407.866,Surface water
COD,Democratic Republic of the Congo,urban,Drinking water,2013,1.82641,576211.0953,Surface water
COD,Democratic Republic of the Congo,total,Drinking water,2014,10.77082,8444671.788,Surface water
COD,Democratic Republic of the Congo,rural,Drinking water,2014,17.39725,7886650.959,Surface water
COD,Democratic Republic of the Congo,urban,Drinking water,2014,1.68737,558021.1546,Surface water
COD,Democratic Republic of the Congo,total,Drinking water,2015,10.3105,8355165.639,Surface water
COD,Democratic Republic of the Congo,rural,Drinking water,2015,16.85075,7818908.091,Surface water
COD,Democratic Republic of the Congo,urban,Drinking water,2015,1.54833,536257.2967,Surface water
COD,Democratic Republic of the Congo,total,Drinking water,2016,9.85369,8272808.26,Surface water
COD,Democratic Republic of the Congo,rural,Drinking water,2016,16.30426,7760405.17,Surface water
COD,Democratic Republic of the Congo,urban,Drinking water,2016,1.40929,512403.3916,Surface water
COD,Democratic Republic of the Congo,total,Drinking water,2017,9.40064,8186399.336,Surface water
COD,Democratic Republic of the Congo,rural,Drinking water,2017,15.75777,7701009.543,Surface water
COD,Democratic Republic of the Congo,urban,Drinking water,2017,1.27025,485389.9403,Surface water
COD,Democratic Republic of the Congo,total,Drinking water,2018,8.95128,8060412.675,Surface water
COD,Democratic Republic of the Congo,rural,Drinking water,2018,15.21127,7607531.731,Surface water
COD,Democratic Republic of the Congo,urban,Drinking water,2018,1.13121,452881.4131,Surface water
COD,Democratic Republic of the Congo,total,Drinking water,2019,8.50581,7905937.223,Surface water
COD,Democratic Republic of the Congo,rural,Drinking water,2019,14.66478,7490525.199,Surface water
COD,Democratic Republic of the Congo,urban,Drinking water,2019,0.99217,415412.0711,Surface water
COD,Democratic Republic of the Congo,total,Drinking water,2020,8.06433,7740952.609,Surface water
COD,Democratic Republic of the Congo,rural,Drinking water,2020,14.11828,7367214.527,Surface water
COD,Democratic Republic of the Congo,urban,Drinking water,2020,0.85313,373737.7786,Surface water
COD,Democratic Republic of the Congo,total,Drinking water,2021,7.98514,7917180.456,Surface water
COD,Democratic Republic of the Congo,rural,Drinking water,2021,14.11828,7526093.795,Surface water
COD,Democratic Republic of the Congo,urban,Drinking water,2021,0.85313,391086.9297,Surface water
COD,Democratic Republic of the Congo,total,Drinking water,2022,7.90528,8094770.568,Surface water
COD,Democratic Republic of the Congo,rural,Drinking water,2022,14.11828,7685612.903,Surface water
COD,Democratic Republic of the Congo,urban,Drinking water,2022,0.85313,409157.5545,Surface water
COD,Democratic Republic of the Congo,total,Drinking water,2024,7.74371,8462041.534,Surface water
COD,Democratic Republic of the Congo,rural,Drinking water,2024,14.11828,8014040.344,Surface water
COD,Democratic Republic of the Congo,urban,Drinking water,2024,0.85313,448000.8324,Surface water
ETH,Ethiopia,total,Drinking water,2000,30.7945,20759032.39,Surface water
ETH,Ethiopia,rural,Drinking water,2000,35.39487,20343217.42,Surface water
ETH,Ethiopia,urban,Drinking water,2000,4.18474,415815.2978,Surface water
ETH,Ethiopia,total,Drinking water,2001,29.62798,20587818.44,Surface water
ETH,Ethiopia,rural,Drinking water,2001,34.11395,20166569.19,Surface water
ETH,Ethiopia,urban,Drinking water,2001,4.06124,421249.1575,Surface water
ETH,Ethiopia,total,Drinking water,2002,28.46463,20390783.05,Surface water
ETH,Ethiopia,rural,Drinking water,2002,32.83302,19964332.83,Surface water
ETH,Ethiopia,urban,Drinking water,2002,3.93773,426450.1499,Surface water
ETH,Ethiopia,total,Drinking water,2003,27.30542,20160319.73,Surface water
ETH,Ethiopia,rural,Drinking water,2003,31.55209,19729169.36,Surface water
ETH,Ethiopia,urban,Drinking water,2003,3.81422,431150.7696,Surface water
ETH,Ethiopia,total,Drinking water,2004,26.15013,19894286.53,Surface water
ETH,Ethiopia,rural,Drinking water,2004,30.27116,19458967.36,Surface water
ETH,Ethiopia,urban,Drinking water,2004,3.69071,435319.3867,Surface water
ETH,Ethiopia,total,Drinking water,2005,24.99882,19590939.46,Surface water
ETH,Ethiopia,rural,Drinking water,2005,28.99023,19152042.99,Surface water
ETH,Ethiopia,urban,Drinking water,2005,3.5672,438897.1965,Surface water
ETH,Ethiopia,total,Drinking water,2006,23.85132,19248844.84,Surface water
ETH,Ethiopia,rural,Drinking water,2006,27.70931,18806981.9,Surface water
ETH,Ethiopia,urban,Drinking water,2006,3.44369,441861.4713,Surface water
ETH,Ethiopia,total,Drinking water,2007,22.70426,18867971.66,Surface water
ETH,Ethiopia,rural,Drinking water,2007,26.42838,18423302.54,Surface water
ETH,Ethiopia,urban,Drinking water,2007,3.32018,444668.9427,Surface water
ETH,Ethiopia,total,Drinking water,2008,21.52338,18411885.07,Surface water
ETH,Ethiopia,rural,Drinking water,2008,25.14745,17960411.36,Surface water
ETH,Ethiopia,urban,Drinking water,2008,3.19667,451474.1548,Surface water
ETH,Ethiopia,total,Drinking water,2009,20.35037,17909875.58,Surface water
ETH,Ethiopia,rural,Drinking water,2009,23.86652,17452524.11,Surface water
ETH,Ethiopia,urban,Drinking water,2009,3.07316,457350.765,Surface water
ETH,Ethiopia,total,Drinking water,2010,19.18485,17369673.96,Surface water
ETH,Ethiopia,rural,Drinking water,2010,22.58559,16907158.44,Surface water
ETH,Ethiopia,urban,Drinking water,2010,2.94965,462516.3224,Surface water
ETH,Ethiopia,total,Drinking water,2011,18.0275,16792610.58,Surface water
ETH,Ethiopia,rural,Drinking water,2011,21.30467,16325728.3,Surface water
ETH,Ethiopia,urban,Drinking water,2011,2.82614,466883.0715,Surface water
ETH,Ethiopia,total,Drinking water,2012,16.87823,16169132.36,Surface water
ETH,Ethiopia,rural,Drinking water,2012,20.02374,15698953.74,Surface water
ETH,Ethiopia,urban,Drinking water,2012,2.70263,470178.8113,Surface water
ETH,Ethiopia,total,Drinking water,2013,15.74041,15494658.5,Surface water
ETH,Ethiopia,rural,Drinking water,2013,18.74281,15023065.89,Surface water
ETH,Ethiopia,urban,Drinking water,2013,2.57913,471592.9792,Surface water
ETH,Ethiopia,total,Drinking water,2014,14.61099,14773993.39,Surface water
ETH,Ethiopia,rural,Drinking water,2014,17.46188,14302270.95,Surface water
ETH,Ethiopia,urban,Drinking water,2014,2.45562,471722.4428,Surface water
ETH,Ethiopia,total,Drinking water,2015,13.4904,14012092.6,Surface water
ETH,Ethiopia,rural,Drinking water,2015,16.18095,13541490.27,Surface water
ETH,Ethiopia,urban,Drinking water,2015,2.33211,470602.9477,Surface water
ETH,Ethiopia,total,Drinking water,2016,12.37875,13210371.77,Surface water
ETH,Ethiopia,rural,Drinking water,2016,14.90003,12742134.69,Surface water
ETH,Ethiopia,urban,Drinking water,2016,2.2086,468236.5813,Surface water
ETH,Ethiopia,total,Drinking water,2017,11.27654,12366586.18,Surface water
ETH,Ethiopia,rural,Drinking water,2017,13.6191,11902168.64,Surface water
ETH,Ethiopia,urban,Drinking water,2017,2.08509,464417.1735,Surface water
ETH,Ethiopia,total,Drinking water,2018,10.18368,11473356.1,Surface water
ETH,Ethiopia,rural,Drinking water,2018,12.33817,11014494.64,Surface water
ETH,Ethiopia,urban,Drinking water,2018,1.96158,458861.5566,Surface water
ETH,Ethiopia,total,Drinking water,2019,9.10047,10532650.29,Surface water
ETH,Ethiopia,rural,Drinking water,2019,11.05724,10081123.99,Surface water
ETH,Ethiopia,urban,Drinking water,2019,1.83807,451526.5982,Surface water
ETH,Ethiopia,total,Drinking water,2020,8.02732,9545899.465,Surface water
ETH,Ethiopia,rural,Drinking water,2020,9.77632,9103556.294,Surface water
ETH,Ethiopia,urban,Drinking water,2020,1.71456,442342.7186,Surface water
ETH,Ethiopia,total,Drinking water,2021,6.96442,8506244.353,Surface water
ETH,Ethiopia,rural,Drinking water,2021,8.49539,8075339.533,Surface water
ETH,Ethiopia,urban,Drinking water,2021,1.59105,430904.6437,Surface water
ETH,Ethiopia,total,Drinking water,2022,5.91215,7412907.931,Surface water
ETH,Ethiopia,rural,Drinking water,2022,7.21446,6995930.186,Surface water
ETH,Ethiopia,urban,Drinking water,2022,1.46754,416977.6646,Surface water
ETH,Ethiopia,total,Drinking water,2024,3.84054,5071807.539,Surface water
ETH,Ethiopia,rural,Drinking water,2024,4.6526,4690434.378,Surface water
ETH,Ethiopia,urban,Drinking water,2024,1.22052,381372.9096,Surface water
GHA,Ghana,total,Drinking water,2000,15.96714,3135480.281,Surface water
GHA,Ghana,rural,Drinking water,2000,26.19113,2883829.115,Surface water
GHA,Ghana,urban,Drinking water,2000,2.91723,251651.1825,Surface water
GHA,Ghana,total,Drinking water,2001,15.3991,3105547.278,Surface water
GHA,Ghana,rural,Drinking water,2001,25.53769,2853161.66,Surface water
GHA,Ghana,urban,Drinking water,2001,2.80593,252385.7516,Surface water
GHA,Ghana,total,Drinking water,2002,14.83791,3075807.598,Surface water
GHA,Ghana,rural,Drinking water,2002,24.88426,2822909.726,Surface water
GHA,Ghana,urban,Drinking water,2002,2.69464,252898.0517,Surface water
GHA,Ghana,total,Drinking water,2003,14.28359,3041934.43,Surface water
GHA,Ghana,rural,Drinking water,2003,24.23083,2789127.112,Surface water
GHA,Ghana,urban,Drinking water,2003,2.58334,252807.2617,Surface water
GHA,Ghana,total,Drinking water,2004,13.73597,3003823.048,Surface water
GHA,Ghana,rural,Drinking water,2004,23.57739,2751743.576,Surface water
GHA,Ghana,urban,Drinking water,2004,2.47205,252079.4015,Surface water
GHA,Ghana,total,Drinking water,2005,13.19592,2962409.482,Surface water
GHA,Ghana,rural,Drinking water,2005,22.92396,2711688.646,Surface water
GHA,Ghana,urban,Drinking water,2005,2.36075,250720.926,Surface water
GHA,Ghana,total,Drinking water,2006,12.66282,2917601.841,Surface water
GHA,Ghana,rural,Drinking water,2006,22.27053,2668884.507,Surface water
GHA,Ghana,urban,Drinking water,2006,2.24946,248717.393,Surface water
GHA,Ghana,total,Drinking water,2007,12.13689,2869438.225,Surface water
GHA,Ghana,rural,Drinking water,2007,21.6171,2623411.345,Surface water
GHA,Ghana,urban,Drinking water,2007,2.13816,246026.8038,Surface water
GHA,Ghana,total,Drinking water,2008,11.61816,2817398.478,Surface water
GHA,Ghana,rural,Drinking water,2008,20.96366,2574831.445,Surface water
GHA,Ghana,urban,Drinking water,2008,2.02687,242567.1428,Surface water
GHA,Ghana,total,Drinking water,2009,11.1072,2761545.264,Surface water
GHA,Ghana,rural,Drinking water,2009,20.31023,2523266.56,Surface water
GHA,Ghana,urban,Drinking water,2009,1.91557,238278.7174,Surface water
GHA,Ghana,total,Drinking water,2010,10.60325,2701176.834,Surface water
GHA,Ghana,rural,Drinking water,2010,19.6568,2468079.881,Surface water
GHA,Ghana,urban,Drinking water,2010,1.80428,233096.8885,Surface water
GHA,Ghana,total,Drinking water,2011,10.10687,2637395.637,Surface water
GHA,Ghana,rural,Drinking water,2011,19.00336,2410344.679,Surface water
GHA,Ghana,urban,Drinking water,2011,1.69298,227050.9081,Surface water
GHA,Ghana,total,Drinking water,2012,9.6182,2571355.893,Surface water
GHA,Ghana,rural,Drinking water,2012,18.34993,2351164.187,Surface water
GHA,Ghana,urban,Drinking water,2012,1.58169,220191.7729,Surface water
GHA,Ghana,total,Drinking water,2013,9.13755,2502427.214,Surface water
GHA,Ghana,rural,Drinking water,2013,17.6965,2290019.595,Surface water
GHA,Ghana,urban,Drinking water,2013,1.47039,212407.7194,Surface water
GHA,Ghana,total,Drinking water,2014,8.66485,2429760.502,Surface water
GHA,Ghana,rural,Drinking water,2014,17.04307,2226174.397,Surface water
GHA,Ghana,urban,Drinking water,2014,1.3591,203586.153,Surface water
GHA,Ghana,total,Drinking water,2015,8.20002,2353083.553,Surface water
GHA,Ghana,rural,Drinking water,2015,16.38963,2159418.158,Surface water
GHA,Ghana,urban,Drinking water,2015,1.2478,193665.4369,Surface water
GHA,Ghana,total,Drinking water,2016,7.74301,2273096.254,Surface water
GHA,Ghana,rural,Drinking water,2016,15.7362,2090431.22,Surface water
GHA,Ghana,urban,Drinking water,2016,1.1365,182664.9262,Surface water
GHA,Ghana,total,Drinking water,2017,7.2939,2188778.014,Surface water
GHA,Ghana,rural,Drinking water,2017,15.08277,2018319.288,Surface water
GHA,Ghana,urban,Drinking water,2017,1.02521,170458.7306,Surface water
GHA,Ghana,total,Drinking water,2018,6.85259,2099467.947,Surface water
GHA,Ghana,rural,Drinking water,2018,14.42933,1942499.297,Surface water
GHA,Ghana,urban,Drinking water,2018,0.91391,156968.6134,Surface water
GHA,Ghana,total,Drinking water,2019,6.41914,2006555.895,Surface water
GHA,Ghana,rural,Drinking water,2019,13.7759,1864283.736,Surface water
GHA,Ghana,urban,Drinking water,2019,0.80262,142272.2204,Surface water
GHA,Ghana,total,Drinking water,2020,5.99333,1911141.791,Surface water
GHA,Ghana,rural,Drinking water,2020,13.12247,1784717.22,Surface water
GHA,Ghana,urban,Drinking water,2020,0.69132,126424.605,Surface water
GHA,Ghana,total,Drinking water,2021,5.57519,1812978.73,Surface water
GHA,Ghana,rural,Drinking water,2021,12.46904,1703609.012,Surface water
GHA,Ghana,urban,Drinking water,2021,0.58003,109369.7361,Surface water
GHA,Ghana,total,Drinking water,2022,5.16463,1712032.672,Surface water
GHA,Ghana,rural,Drinking water,2022,11.8156,1620956.157,Surface water
GHA,Ghana,urban,Drinking water,2022,0.46873,91076.47916,Surface water
GHA,Ghana,total,Drinking water,2024,4.21884,1452436.627,Surface water
GHA,Ghana,rural,Drinking water,2024,10.50874,1452436.575,Surface water
GHA,Ghana,urban,Drinking water,2024,0,0,Surface water
KEN,Kenya,total,Drinking water,2000,30.5476,9360666.983,Surface water
KEN,Kenya,rural,Drinking water,2000,37.28825,9153296.916,Surface water
KEN,Kenya,urban,Drinking water,2000,3.40203,207369.9779,Surface water
KEN,Kenya,total,Drinking water,2001,30.03215,9495915.752,Surface water
KEN,Kenya,rural,Drinking water,2001,36.77128,9273631.001,Surface water
KEN,Kenya,urban,Drinking water,2001,3.47352,222284.896,Surface water
KEN,Kenya,total,Drinking water,2002,29.51915,9632040.572,Surface water
KEN,Kenya,rural,Drinking water,2002,36.25432,9393857.454,Surface water
KEN,Kenya,urban,Drinking water,2002,3.54502,238183.1438,Surface water
KEN,Kenya,total,Drinking water,2003,29.00868,9762066.156,Surface water
KEN,Kenya,rural,Drinking water,2003,35.73735,9507120.692,Surface water
KEN,Kenya,urban,Drinking water,2003,3.61652,254945.5229,Surface water
KEN,Kenya,total,Drinking water,2004,28.50084,9893626.419,Surface water
KEN,Kenya,rural,Drinking water,2004,35.22039,9620807.615,Surface water
KEN,Kenya,urban,Drinking water,2004,3.68802,272818.9523,Surface water
KEN,Kenya,total,Drinking water,2005,27.99633,10021702.53,Surface water
KEN,Kenya,rural,Drinking water,2005,34.70342,9730005.857,Surface water
KEN,Kenya,urban,Drinking water,2005,3.75952,291696.7866,Surface water
KEN,Kenya,total,Drinking water,2006,27.4946,10146610.3,Surface water
KEN,Kenya,rural,Drinking water,2006,34.18646,9834938.565,Surface water
KEN,Kenya,urban,Drinking water,2006,3.83102,311671.8813,Surface water
KEN,Kenya,total,Drinking water,2007,26.99574,10268193.33,Surface water
KEN,Kenya,rural,Drinking water,2007,33.6695,9935396.821,Surface water
KEN,Kenya,urban,Drinking water,2007,3.90251,332796.6352,Surface water
KEN,Kenya,total,Drinking water,2008,26.49983,10389615.98,Surface water
KEN,Kenya,rural,Drinking water,2008,33.15253,10034376.85,Surface water
KEN,Kenya,urban,Drinking water,2008,3.97401,355238.9003,Surface water
KEN,Kenya,total,Drinking water,2009,26.00754,10509356.5,Surface water
KEN,Kenya,rural,Drinking water,2009,32.63557,10130373.17,Surface water
KEN,Kenya,urban,Drinking water,2009,4.04551,378983.1793,Surface water
KEN,Kenya,total,Drinking water,2010,25.51835,10615266.98,Surface water
KEN,Kenya,rural,Drinking water,2010,32.1186,10211585.7,Surface water
KEN,Kenya,urban,Drinking water,2010,4.11701,403680.8996,Surface water
KEN,Kenya,total,Drinking water,2011,25.03099,10702864.17,Surface water
KEN,Kenya,rural,Drinking water,2011,31.60164,10273593.6,Surface water
KEN,Kenya,urban,Drinking water,2011,4.18851,429270.7413,Surface water
KEN,Kenya,total,Drinking water,2012,24.54589,10772775.96,Surface water
KEN,Kenya,rural,Drinking water,2012,31.08467,10317031.53,Surface water
KEN,Kenya,urban,Drinking water,2012,4.26001,455744.4776,Surface water
KEN,Kenya,total,Drinking water,2013,24.06271,10825038.92,Surface water
KEN,Kenya,rural,Drinking water,2013,30.56771,10341901.38,Surface water
KEN,Kenya,urban,Drinking water,2013,4.3315,483137.0264,Surface water
KEN,Kenya,total,Drinking water,2014,23.58213,10859910.54,Surface water
KEN,Kenya,rural,Drinking water,2014,30.05075,10348517.84,Surface water
KEN,Kenya,urban,Drinking water,2014,4.403,511392.5383,Surface water
KEN,Kenya,total,Drinking water,2015,23.10407,10879366.42,Surface water
KEN,Kenya,rural,Drinking water,2015,29.53378,10338758.82,Surface water
KEN,Kenya,urban,Drinking water,2015,4.4745,540607.9716,Surface water
KEN,Kenya,total,Drinking water,2016,22.62871,10893391.14,Surface water
KEN,Kenya,rural,Drinking water,2016,29.01682,10322101.6,Surface water
KEN,Kenya,urban,Drinking water,2016,4.546,571289.5089,Surface water
KEN,Kenya,total,Drinking water,2017,22.15622,10900366.33,Surface water
KEN,Kenya,rural,Drinking water,2017,28.49985,10296956.14,Surface water
KEN,Kenya,urban,Drinking water,2017,4.6175,603410.3337,Surface water
KEN,Kenya,total,Drinking water,2018,21.68655,10888189.07,Surface water
KEN,Kenya,rural,Drinking water,2018,27.98289,10251846.14,Surface water
KEN,Kenya,urban,Drinking water,2018,4.689,636342.6343,Surface water
KEN,Kenya,total,Drinking water,2019,21.22034,10865415,Surface water
KEN,Kenya,rural,Drinking water,2019,27.46593,10194929.64,Surface water
KEN,Kenya,urban,Drinking water,2019,4.76049,670485.1156,Surface water
KEN,Kenya,total,Drinking water,2020,20.75731,10838916.37,Surface water
KEN,Kenya,rural,Drinking water,2020,26.94896,10132564.72,Surface water
KEN,Kenya,urban,Drinking water,2020,4.83199,706352.2236,Surface water
KEN,Kenya,total,Drinking water,2021,20.29788,10802362.31,Surface water
KEN,Kenya,rural,Drinking water,2021,26.432,10058809.6,Surface water
KEN,Kenya,urban,Drinking water,2021,4.90349,743552.2526,Surface water
KEN,Kenya,total,Drinking water,2022,19.842,10764774.31,Surface water
KEN,Kenya,rural,Drinking water,2022,25.91503,9981994.848,Surface water
KEN,Kenya,urban,Drinking water,2022,4.97499,782779.4489,Surface water
KEN,Kenya,total,Drinking water,2024,18.94249,10689802.06,Surface water
KEN,Kenya,rural,Drinking water,2024,24.8811,9821917.495,Surface water
KEN,Kenya,urban,Drinking water,2024,5.11798,867883.9717,Surface water
NER,Niger,total,Drinking water,2000,3.46552,398868.9604,Surface water
NER,Niger,rural,Drinking water,2000,4.08425,393994.2019,Surface water
NER,Niger,urban,Drinking water,2000,0.26167,4874.73252,Surface water
NER,Niger,total,Drinking water,2001,3.46269,412775.629,Surface water
NER,Niger,rural,Drinking water,2001,4.08425,407703.7503,Surface water
NER,Niger,urban,Drinking water,2001,0.26167,5071.89458,Surface water
NER,Niger,total,Drinking water,2002,3.46289,427636.7988,Surface water
NER,Niger,rural,Drinking water,2002,4.08425,422384.2057,Surface water
NER,Niger,urban,Drinking water,2002,0.26167,5252.59251,Surface water
NER,Niger,total,Drinking water,2003,3.46304,443164.5613,Surface water
NER,Niger,rural,Drinking water,2003,4.08425,437722.7965,Surface water
NER,Niger,urban,Drinking water,2003,0.26167,5441.73733,Surface water
NER,Niger,total,Drinking water,2004,3.38503,449053.0214,Surface water
NER,Niger,rural,Drinking water,2004,3.98885,443182.379,Surface water
NER,Niger,urban,Drinking water,2004,0.27238,5870.63715,Surface water
NER,Niger,total,Drinking water,2005,3.30706,454924.9398,Surface water
NER,Niger,rural,Drinking water,2005,3.89345,448599.7919,Surface water
NER,Niger,urban,Drinking water,2005,0.2831,6325.14281,Surface water
NER,Niger,total,Drinking water,2006,3.22903,460737.0873,Surface water
NER,Niger,rural,Drinking water,2006,3.79805,453929.7513,Surface water
NER,Niger,urban,Drinking water,2006,0.29381,6807.35703,Surface water
NER,Niger,total,Drinking water,2007,3.151,466461.8097,Surface water
NER,Niger,rural,Drinking water,2007,3.70265,459143.4741,Surface water
NER,Niger,urban,Drinking water,2007,0.30452,7318.35029,Surface water
NER,Niger,total,Drinking water,2008,3.07299,472070.5839,Surface water
NER,Niger,rural,Drinking water,2008,3.60725,464211.4592,Surface water
NER,Niger,urban,Drinking water,2008,0.31524,7859.12223,Surface water
NER,Niger,total,Drinking water,2009,2.99494,477503.9804,Surface water
NER,Niger,rural,Drinking water,2009,3.51186,469072.1076,Surface water
NER,Niger,urban,Drinking water,2009,0.32595,8431.8911,Surface water
NER,Niger,total,Drinking water,2010,2.91688,482710.4174,Surface water
NER,Niger,rural,Drinking water,2010,3.41646,473673.033,Surface water
NER,Niger,urban,Drinking water,2010,0.33666,9037.37623,Surface water
NER,Niger,total,Drinking water,2011,2.83885,487608.4588,Surface water
NER,Niger,rural,Drinking water,2011,3.32106,477932.9238,Surface water
NER,Niger,urban,Drinking water,2011,0.34738,9675.54982,Surface water
NER,Niger,total,Drinking water,2012,2.76077,492432.3506,Surface water
NER,Niger,rural,Drinking water,2012,3.22566,482077.4008,Surface water
NER,Niger,urban,Drinking water,2012,0.35809,10354.94116,Surface water
NER,Niger,total,Drinking water,2013,2.68269,496830.6973,Surface water
NER,Niger,rural,Drinking water,2013,3.13026,485760.247,Surface water
NER,Niger,urban,Drinking water,2013,0.36881,11070.47046,Surface water
NER,Niger,total,Drinking water,2014,2.60419,500419.5878,Surface water
NER,Niger,rural,Drinking water,2014,3.03486,488591.3851,Surface water
NER,Niger,urban,Drinking water,2014,0.37952,11828.22503,Surface water
NER,Niger,total,Drinking water,2015,2.52529,503530.6455,Surface water
NER,Niger,rural,Drinking water,2015,2.93947,490888.757,Surface water
NER,Niger,urban,Drinking water,2015,0.39023,12641.89628,Surface water
NER,Niger,total,Drinking water,2016,2.44608,505990.802,Surface water
NER,Niger,rural,Drinking water,2016,2.84407,492480.0635,Surface water
NER,Niger,urban,Drinking water,2016,0.40095,13510.76812,Surface water
NER,Niger,total,Drinking water,2017,2.36657,507284.564,Surface water
NER,Niger,rural,Drinking water,2017,2.74867,492857.085,Surface water
NER,Niger,urban,Drinking water,2017,0.41166,14427.47899,Surface water
NER,Niger,total,Drinking water,2018,2.28685,507407.0901,Surface water
NER,Niger,rural,Drinking water,2018,2.65327,492014.0929,Surface water
NER,Niger,urban,Drinking water,2018,0.42238,15393.0039,Surface water
NER,Niger,total,Drinking water,2019,2.20692,506439.2178,Surface water
NER,Niger,rural,Drinking water,2019,2.55787,490023.9083,Surface water
NER,Niger,urban,Drinking water,2019,0.43309,16415.29513,Surface water
NER,Niger,total,Drinking water,2020,2.12685,504438.1213,Surface water
NER,Niger,rural,Drinking water,2020,2.46247,486937.6738,Surface water
NER,Niger,urban,Drinking water,2020,0.4438,17500.44083,Surface water
NER,Niger,total,Drinking water,2021,2.0467,501486.1748,Surface water
NER,Niger,rural,Drinking water,2021,2.36708,482831.171,Surface water
NER,Niger,urban,Drinking water,2021,0.45452,18654.97746,Surface water
NER,Niger,total,Drinking water,2022,1.9665,497759.1281,Surface water
NER,Niger,rural,Drinking water,2022,2.27168,477864.922,Surface water
NER,Niger,urban,Drinking water,2022,0.46523,19894.21526,Surface water
NER,Niger,total,Drinking water,2024,1.80616,488249.9467,Surface water
NER,Niger,rural,Drinking water,2024,2.08088,465580.2728,Surface water
NER,Niger,urban,Drinking water,2024,0.48666,22669.6422,Surface water
NGA,Nigeria,total,Drinking water,2000,22.61549,28582022.94,Surface water
NGA,Nigeria,rural,Drinking water,2000,31.33457,25804278.03,Surface water
NGA,Nigeria,urban,Drinking water,2000,6.30851,2777743.668,Surface water
NGA,Nigeria,total,Drinking water,2001,22.40803,29099643.31,Surface water
NGA,Nigeria,rural,Drinking water,2001,31.33457,26177495.3,Surface water
NGA,Nigeria,urban,Drinking water,2001,6.30851,2922147.332,Surface water
NGA,Nigeria,total,Drinking water,2002,21.45681,28638835.43,Surface water
NGA,Nigeria,rural,Drinking water,2002,30.31352,25688896.55,Surface water
NGA,Nigeria,urban,Drinking water,2002,6.05389,2949936.672,Surface water
NGA,Nigeria,total,Drinking water,2003,20.51635,28148969.49,Surface water
NGA,Nigeria,rural,Drinking water,2003,29.29247,25176646.61,Surface water
NGA,Nigeria,urban,Drinking water,2003,5.79927,2972322.013,Surface water
NGA,Nigeria,total,Drinking water,2004,19.58706,27628927.51,Surface water
NGA,Nigeria,rural,Drinking water,2004,28.27141,24640325.96,Surface water
NGA,Nigeria,urban,Drinking water,2004,5.54464,2988601.586,Surface water
NGA,Nigeria,total,Drinking water,2005,18.66958,27074107.17,Surface water
NGA,Nigeria,rural,Drinking water,2005,27.25036,24076568.92,Surface water
NGA,Nigeria,urban,Drinking water,2005,5.29002,2997537.504,Surface water
NGA,Nigeria,total,Drinking water,2006,17.76382,26481834.91,Surface water
NGA,Nigeria,rural,Drinking water,2006,26.22931,23483462.33,Surface water
NGA,Nigeria,urban,Drinking water,2006,5.03539,2998372.8,Surface water
NGA,Nigeria,total,Drinking water,2007,16.86996,25856126.46,Surface water
NGA,Nigeria,rural,Drinking water,2007,25.20826,22865175.06,Surface water
NGA,Nigeria,urban,Drinking water,2007,4.78077,2990951.971,Surface water
NGA,Nigeria,total,Drinking water,2008,15.98815,25196527.87,Surface water
NGA,Nigeria,rural,Drinking water,2008,24.18721,22221934.31,Surface water
NGA,Nigeria,urban,Drinking water,2008,4.52614,2974593.938,Surface water
NGA,Nigeria,total,Drinking water,2009,15.11931,24500756.32,Surface water
NGA,Nigeria,rural,Drinking water,2009,23.16616,21552825.12,Surface water
NGA,Nigeria,urban,Drinking water,2009,4.27152,2947930.593,Surface water
NGA,Nigeria,total,Drinking water,2010,14.26296,23768206.15,Surface water
NGA,Nigeria,rural,Drinking water,2010,22.1451,20857711.08,Surface water
NGA,Nigeria,urban,Drinking water,2010,4.01689,2910494.521,Surface water
NGA,Nigeria,total,Drinking water,2011,13.42132,23001411.39,Surface water
NGA,Nigeria,rural,Drinking water,2011,21.12405,20140796.35,Surface water
NGA,Nigeria,urban,Drinking water,2011,3.76227,2860614.956,Surface water
NGA,Nigeria,total,Drinking water,2012,12.59427,22191175.71,Surface water
NGA,Nigeria,rural,Drinking water,2012,20.103,19394748.76,Surface water
NGA,Nigeria,urban,Drinking water,2012,3.50765,2796426.48,Surface water
NGA,Nigeria,total,Drinking water,2013,11.78196,21331180.32,Surface water
NGA,Nigeria,rural,Drinking water,2013,19.08195,18615025.2,Surface water
NGA,Nigeria,urban,Drinking water,2013,3.25302,2716155.447,Surface water
NGA,Nigeria,total,Drinking water,2014,10.98423,20419350.76,Surface water
NGA,Nigeria,rural,Drinking water,2014,18.0609,17800607.25,Surface water
NGA,Nigeria,urban,Drinking water,2014,2.9984,2618742.821,Surface water
NGA,Nigeria,total,Drinking water,2015,10.20089,19450228.39,Surface water
NGA,Nigeria,rural,Drinking water,2015,17.03984,16947533.88,Surface water
NGA,Nigeria,urban,Drinking water,2015,2.74377,2502694.198,Surface water
NGA,Nigeria,total,Drinking water,2016,9.43216,18434555.2,Surface water
NGA,Nigeria,rural,Drinking water,2016,16.01879,16066184.43,Surface water
NGA,Nigeria,urban,Drinking water,2016,2.48915,2368371.362,Surface water
NGA,Nigeria,total,Drinking water,2017,8.67752,17377138.96,Surface water
NGA,Nigeria,rural,Drinking water,2017,14.99774,15161293.62,Surface water
NGA,Nigeria,urban,Drinking water,2017,2.23452,2215844.831,Surface water
NGA,Nigeria,total,Drinking water,2018,7.93703,16266041.11,Surface water
NGA,Nigeria,rural,Drinking water,2018,13.97669,14223292.22,Surface water
NGA,Nigeria,urban,Drinking water,2018,1.9799,2042748.914,Surface water
NGA,Nigeria,total,Drinking water,2019,7.21052,15105007.54,Surface water
NGA,Nigeria,rural,Drinking water,2019,12.95564,13256089.65,Surface water
NGA,Nigeria,urban,Drinking water,2019,1.72528,1848918.229,Surface water
NGA,Nigeria,total,Drinking water,2020,6.49773,13904904.4,Surface water
NGA,Nigeria,rural,Drinking water,2020,11.93459,12269714.3,Surface water
NGA,Nigeria,urban,Drinking water,2020,1.47065,1635189.213,Surface water
NGA,Nigeria,total,Drinking water,2021,5.79849,12671392.83,Surface water
NGA,Nigeria,rural,Drinking water,2021,10.91353,11269734.07,Surface water
NGA,Nigeria,urban,Drinking water,2021,1.21603,1401658.369,Surface water
NGA,Nigeria,total,Drinking water,2022,5.11248,11408542.92,Surface water
NGA,Nigeria,rural,Drinking water,2022,9.89248,10260315.52,Surface water
NGA,Nigeria,urban,Drinking water,2022,0.9614,1148227.314,Surface water
NGA,Nigeria,total,Drinking water,2024,3.77914,8793272.875,Surface water
NGA,Nigeria,rural,Drinking water,2024,7.85038,8214319.98,Surface water
NGA,Nigeria,urban,Drinking water,2024,0.45215,578952.8411,Surface water
SSD,South Sudan,total,Drinking water,2011,20.76491,2136316.91,Surface water
SSD,South Sudan,rural,Drinking water,2011,22.43861,1892238.701,Surface water
SSD,South Sudan,urban,Drinking water,2011,13.15678,244078.2106,Surface water
SSD,South Sudan,total,Drinking water,2012,19.96515,2147499.745,Surface water
SSD,South Sudan,rural,Drinking water,2012,21.69189,1908187.232,Surface water
SSD,South Sudan,urban,Drinking water,2012,12.21317,239312.6527,Surface water
SSD,South Sudan,total,Drinking water,2013,19.16341,2139838.803,Surface water
SSD,South Sudan,rural,Drinking water,2013,20.94517,1908106.382,Surface water
SSD,South Sudan,urban,Drinking water,2013,11.26956,231732.4468,Surface water
SSD,South Sudan,total,Drinking water,2014,18.3596,2062714.251,Surface water
SSD,South Sudan,rural,Drinking water,2014,20.19845,1846628.757,Surface water
SSD,South Sudan,urban,Drinking water,2014,10.32595,216085.3534,Surface water
SSD,South Sudan,total,Drinking water,2015,17.55345,1949759.733,Surface water
SSD,South Sudan,rural,Drinking water,2015,19.45173,1753294.012,Surface water
SSD,South Sudan,urban,Drinking water,2015,9.38233,196465.8305,Surface water
SSD,South Sudan,total,Drinking water,2016,16.74497,1813497.146,Surface water
SSD,South Sudan,rural,Drinking water,2016,18.70501,1639011.108,Surface water
SSD,South Sudan,urban,Drinking water,2016,8.43872,174486.0396,Surface water
SSD,South Sudan,total,Drinking water,2017,15.93408,1634701.808,Surface water
SSD,South Sudan,rural,Drinking water,2017,17.95829,1485943.634,Surface water
SSD,South Sudan,urban,Drinking water,2017,7.49511,148758.1832,Surface water
SSD,South Sudan,total,Drinking water,2018,15.12059,1530654.129,Surface water
SSD,South Sudan,rural,Drinking water,2018,17.21156,1400566.095,Surface water
SSD,South Sudan,urban,Drinking water,2018,6.5515,130088.0406,Surface water
SSD,South Sudan,total,Drinking water,2019,14.30442,1491004.325,Surface water
SSD,South Sudan,rural,Drinking water,2019,16.46484,1374688.431,Surface water
SSD,South Sudan,urban,Drinking water,2019,5.60789,116316.0047,Surface water
SSD,South Sudan,total,Drinking water,2020,13.48536,1442726.302,Surface water
SSD,South Sudan,rural,Drinking water,2020,15.71812,1341932.111,Surface water
SSD,South Sudan,urban,Drinking water,2020,4.66428,100794.2816,Surface water
SSD,South Sudan,total,Drinking water,2021,12.66343,1375979.96,Surface water
SSD,South Sudan,rural,Drinking water,2021,14.9714,1293045.992,Surface water
SSD,South Sudan,urban,Drinking water,2021,3.72067,82933.90217,Surface water
SSD,South Sudan,total,Drinking water,2022,11.83831,1304720.766,Surface water
SSD,South Sudan,rural,Drinking water,2022,14.22468,1240918.578,Surface water
SSD,South Sudan,urban,Drinking water,2022,2.77706,63802.16335,Surface water
SSD,South Sudan,total,Drinking water,2024,11.75657,1404135.272,Surface water
SSD,South Sudan,rural,Drinking water,2024,14.22468,1332626.077,Surface water
SSD,South Sudan,urban,Drinking water,2024,2.77706,71509.16978,Surface water
UGA,Uganda,total,Drinking water,2000,13.82975,3319160.243,Surface water
UGA,Uganda,rural,Drinking water,2000,15.96941,3265981.578,Surface water
UGA,Uganda,urban,Drinking water,2000,1.49855,53178.61918,Surface water
UGA,Uganda,total,Drinking water,2001,13.37658,3310126.08,Surface water
UGA,Uganda,rural,Drinking water,2001,15.5078,3254170.837,Surface water
UGA,Uganda,urban,Drinking water,2001,1.48754,55955.25109,Surface water
UGA,Uganda,total,Drinking water,2002,12.9258,3300328.375,Surface water
UGA,Uganda,rural,Drinking water,2002,15.0462,3241418.31,Surface water
UGA,Uganda,urban,Drinking water,2002,1.47653,58910.14058,Surface water
UGA,Uganda,total,Drinking water,2003,12.47754,3288096.737,Surface water
UGA,Uganda,rural,Drinking water,2003,14.58459,3226070.017,Surface water
UGA,Uganda,urban,Drinking water,2003,1.46552,62026.87504,Surface water
UGA,Uganda,total,Drinking water,2004,12.0318,3267177.938,Surface water
UGA,Uganda,rural,Drinking water,2004,14.12299,3201981.246,Surface water
UGA,Uganda,urban,Drinking water,2004,1.45451,65196.81298,Surface water
UGA,Uganda,total,Drinking water,2005,11.58923,3240730.275,Surface water
UGA,Uganda,rural,Drinking water,2005,13.66139,3172271.531,Surface water
UGA,Uganda,urban,Drinking water,2005,1.4435,68458.8987,Surface water
UGA,Uganda,total,Drinking water,2006,11.14933,3210338.4,Surface water
UGA,Uganda,rural,Drinking water,2006,13.19978,3138465.464,Surface water
UGA,Uganda,urban,Drinking water,2006,1.43249,71872.87883,Surface water
UGA,Uganda,total,Drinking water,2007,10.7126,3176653.206,Surface water
UGA,Uganda,rural,Drinking water,2007,12.73818,3101206.129,Surface water
UGA,Uganda,urban,Drinking water,2007,1.42147,75447.11338,Surface water
UGA,Uganda,total,Drinking water,2008,10.27895,3139144.356,Surface water
UGA,Uganda,rural,Drinking water,2008,12.27657,3059955.451,Surface water
UGA,Uganda,urban,Drinking water,2008,1.41046,79188.89093,Surface water
UGA,Uganda,total,Drinking water,2009,9.84873,3097537.776,Surface water
UGA,Uganda,rural,Drinking water,2009,11.81497,3014447.402,Surface water
UGA,Uganda,urban,Drinking water,2009,1.39945,83090.28504,Surface water
UGA,Uganda,total,Drinking water,2010,9.42186,3051816.548,Surface water
UGA,Uganda,rural,Drinking water,2010,11.35336,2964645.989,Surface water
UGA,Uganda,urban,Drinking water,2010,1.38844,87170.53657,Surface water
UGA,Uganda,total,Drinking water,2011,8.9986,3001440.938,Surface water
UGA,Uganda,rural,Drinking water,2011,10.89176,2910022.548,Surface water
UGA,Uganda,urban,Drinking water,2011,1.37743,91418.36034,Surface water
UGA,Uganda,total,Drinking water,2012,8.57898,2945800.621,Surface water
UGA,Uganda,rural,Drinking water,2012,10.43015,2849972.802,Surface water
UGA,Uganda,urban,Drinking water,2012,1.36642,95827.88203,Surface water
UGA,Uganda,total,Drinking water,2013,8.16341,2884706.526,Surface water
UGA,Uganda,rural,Drinking water,2013,9.96855,2784325.898,Surface water
UGA,Uganda,urban,Drinking water,2013,1.35541,100380.4815,Surface water
UGA,Uganda,total,Drinking water,2014,7.75167,2821262.121,Surface water
UGA,Uganda,rural,Drinking water,2014,9.50694,2716043.075,Surface water
UGA,Uganda,urban,Drinking water,2014,1.34439,105218.9526,Surface water
UGA,Uganda,total,Drinking water,2015,7.34408,2756340.414,Surface water
UGA,Uganda,rural,Drinking water,2015,9.04534,2645943.868,Surface water
UGA,Uganda,urban,Drinking water,2015,1.33338,110396.574,Surface water
UGA,Uganda,total,Drinking water,2016,6.94092,2693019.974,Surface water
UGA,Uganda,rural,Drinking water,2016,8.58374,2576943.253,Surface water
UGA,Uganda,urban,Drinking water,2016,1.32237,116076.6858,Surface water
UGA,Uganda,total,Drinking water,2017,6.5423,2628527.227,Surface water
UGA,Uganda,rural,Drinking water,2017,8.12213,2506314.454,Surface water
UGA,Uganda,urban,Drinking water,2017,1.31136,122212.7906,Surface water
UGA,Uganda,total,Drinking water,2018,6.14846,2555657.682,Surface water
UGA,Uganda,rural,Drinking water,2018,7.66053,2427159.019,Surface water
UGA,Uganda,urban,Drinking water,2018,1.30035,128498.6037,Surface water
UGA,Uganda,total,Drinking water,2019,5.75929,2476473.073,Surface water
UGA,Uganda,rural,Drinking water,2019,7.19892,2341413.197,Surface water
UGA,Uganda,urban,Drinking water,2019,1.28934,135059.8614,Surface water
UGA,Uganda,total,Drinking water,2020,5.37508,2389607.748,Surface water
UGA,Uganda,rural,Drinking water,2020,6.73732,2247792.49,Surface water
UGA,Uganda,urban,Drinking water,2020,1.27833,141815.361,Surface water
UGA,Uganda,total,Drinking water,2021,4.99592,2293671.881,Surface water
UGA,Uganda,rural,Drinking water,2021,6.27571,2144995.621,Surface water
UGA,Uganda,urban,Drinking water,2021,1.26731,148676.4728,Surface water
UGA,Uganda,total,Drinking water,2022,4.62183,2186714.44,Surface water
UGA,Uganda,rural,Drinking water,2022,5.81411,2031227.735,Surface water
UGA,Uganda,urban,Drinking water,2022,1.2563,155486.7263,Surface water
UGA,Uganda,total,Drinking water,2024,3.88939,1945281.151,Surface water
UGA,Uganda,rural,Drinking water,2024,4.8909,1776201.645,Surface water
UGA,Uganda,urban,Drinking water,2024,1.23428,169079.4626,Surface water
ZAF,South Africa,total,Drinking water,2000,8.19898,3866613.786,Surface water
ZAF,South Africa,rural,Drinking water,2000,18.83927,3830039.1,Surface water
ZAF,South Africa,urban,Drinking water,2000,0.13632,36574.68796,Surface water
ZAF,South Africa,total,Drinking water,2001,7.84187,3730127.853,Surface water
ZAF,South Africa,rural,Drinking water,2001,18.21557,3693875.944,Surface water
ZAF,South Africa,urban,Drinking water,2001,0.13285,36251.60271,Surface water
ZAF,South Africa,total,Drinking water,2002,7.48143,3592539.045,Surface water
ZAF,South Africa,rural,Drinking water,2002,17.59186,3556570.215,Surface water
ZAF,South Africa,urban,Drinking water,2002,0.12937,35968.68526,Surface water
ZAF,South Africa,total,Drinking water,2003,7.12453,3455422.829,Surface water
ZAF,South Africa,rural,Drinking water,2003,16.96816,3419734.932,Surface water
ZAF,South Africa,urban,Drinking water,2003,0.1259,35687.89998,Surface water
ZAF,South Africa,total,Drinking water,2004,6.77459,3318969.734,Surface water
ZAF,South Africa,rural,Drinking water,2004,16.34446,3283587.241,Surface water
ZAF,South Africa,urban,Drinking water,2004,0.12242,35382.47225,Surface water
ZAF,South Africa,total,Drinking water,2005,6.43206,3183231.077,Surface water
ZAF,South Africa,rural,Drinking water,2005,15.72076,3148183.152,Surface water
ZAF,South Africa,urban,Drinking water,2005,0.11895,35047.85696,Surface water
ZAF,South Africa,total,Drinking water,2006,6.09657,3048180.324,Surface water
ZAF,South Africa,rural,Drinking water,2006,15.09705,3013494.341,Surface water
ZAF,South Africa,urban,Drinking water,2006,0.11548,34685.90673,Surface water
ZAF,South Africa,total,Drinking water,2007,5.76807,2914526.571,Surface water
ZAF,South Africa,rural,Drinking water,2007,14.47335,2880222.467,Surface water
ZAF,South Africa,urban,Drinking water,2007,0.112,34304.14218,Surface water
ZAF,South Africa,total,Drinking water,2008,5.4464,2783906.735,Surface water
ZAF,South Africa,rural,Drinking water,2008,13.84965,2749982.719,Surface water
ZAF,South Africa,urban,Drinking water,2008,0.10853,33923.93683,Surface water
ZAF,South Africa,total,Drinking water,2009,5.13206,2654738.402,Surface water
ZAF,South Africa,rural,Drinking water,2009,13.22595,2621216.726,Surface water
ZAF,South Africa,urban,Drinking water,2009,0.10505,33521.92629,Surface water
ZAF,South Africa,total,Drinking water,2010,4.82458,2525380.254,Surface water
ZAF,South Africa,rural,Drinking water,2010,12.60224,2492298.868,Surface water
ZAF,South Africa,urban,Drinking water,2010,0.10158,33081.27738,Surface water
ZAF,South Africa,total,Drinking water,2011,4.52404,2397524.955,Surface water
ZAF,South Africa,rural,Drinking water,2011,11.97854,2364903.246,Surface water
ZAF,South Africa,urban,Drinking water,2011,0.0981,32621.7116,Surface water
ZAF,South Africa,total,Drinking water,2012,4.23028,2275152.319,Surface water
ZAF,South Africa,rural,Drinking water,2012,11.35484,2242950.76,Surface water
ZAF,South Africa,urban,Drinking water,2012,0.09463,32201.58943,Surface water
ZAF,South Africa,total,Drinking water,2013,3.94357,2156297.689,Surface water
ZAF,South Africa,rural,Drinking water,2013,10.73113,2124501.972,Surface water
ZAF,South Africa,urban,Drinking water,2013,0.09115,31795.84917,Surface water
ZAF,South Africa,total,Drinking water,2014,3.66353,2036733.122,Surface water
ZAF,South Africa,rural,Drinking water,2014,10.10743,2005383.866,Surface water
ZAF,South Africa,urban,Drinking water,2014,0.08768,31349.30114,Surface water
ZAF,South Africa,total,Drinking water,2015,3.39021,1923044.739,Surface water
ZAF,South Africa,rural,Drinking water,2015,9.48373,1892080.096,Surface water
ZAF,South Africa,urban,Drinking water,2015,0.08421,30964.76015,Surface water
ZAF,South Africa,total,Drinking water,2016,3.12355,1788529.05,Surface water
ZAF,South Africa,rural,Drinking water,2016,8.86003,1758324.26,Surface water
ZAF,South Africa,urban,Drinking water,2016,0.08073,30204.79495,Surface water
ZAF,South Africa,total,Drinking water,2017,2.86358,1650427.943,Surface water
ZAF,South Africa,rural,Drinking water,2017,8.23632,1621106.791,Surface water
ZAF,South Africa,urban,Drinking water,2017,0.07726,29321.13301,Surface water
ZAF,South Africa,total,Drinking water,2018,2.61022,1529931.151,Surface water
ZAF,South Africa,rural,Drinking water,2018,7.61262,1501235.19,Surface water
ZAF,South Africa,urban,Drinking water,2018,0.07378,28695.9789,Surface water
ZAF,South Africa,total,Drinking water,2019,2.36341,1408307.408,Surface water
ZAF,South Africa,rural,Drinking water,2019,6.98892,1380297.968,Surface water
ZAF,South Africa,urban,Drinking water,2019,0.07031,28009.39658,Surface water
ZAF,South Africa,total,Drinking water,2020,2.123,1285741.645,Surface water
ZAF,South Africa,rural,Drinking water,2020,6.36522,1258479.435,Surface water
ZAF,South Africa,urban,Drinking water,2020,0.06683,27262.25118,Surface water
ZAF,South Africa,total,Drinking water,2021,1.88906,1161818.804,Surface water
ZAF,South Africa,rural,Drinking water,2021,5.74151,1135380.361,Surface water
ZAF,South Africa,urban,Drinking water,2021,0.06336,26438.34845,Surface water
ZAF,South Africa,total,Drinking water,2022,1.66148,1036402.984,Surface water
ZAF,South Africa,rural,Drinking water,2022,5.11781,1010876.339,Surface water
ZAF,South Africa,urban,Drinking water,2022,0.05988,25526.69119,Surface water
ZAF,South Africa,total,Drinking water,2024,1.22498,784072.4794,Surface water
ZAF,South Africa,rural,Drinking water,2024,3.87041,760592.399,Surface water
ZAF,South Africa,urban,Drinking water,2024,0.05294,23480.14559,Surface water
BWA,Botswana,total,Drinking water,2000,0.8686,14569.69193,Unimproved
BWA,Botswana,rural,Drinking water,2000,1.84536,14480.44866,Unimproved
BWA,Botswana,urban,Drinking water,2000,0.01,89.26259,Unimproved
BWA,Botswana,total,Drinking water,2001,0.99167,16979.90195,Unimproved
BWA,Botswana,rural,Drinking water,2001,2.01655,15861.68041,Unimproved
BWA,Botswana,urban,Drinking water,2001,0.1208,1118.24972,Unimproved
BWA,Botswana,total,Drinking water,2002,1.12028,19546.21553,Unimproved
BWA,Botswana,rural,Drinking water,2002,2.18774,17341.045,Unimproved
BWA,Botswana,urban,Drinking water,2002,0.23161,2205.17096,Unimproved
BWA,Botswana,total,Drinking water,2003,1.24926,22183.56611,Unimproved
BWA,Botswana,rural,Drinking water,2003,2.35893,18837.6518,Unimproved
BWA,Botswana,urban,Drinking water,2003,0.34241,3345.9365,Unimproved
BWA,Botswana,total,Drinking water,2004,1.37769,24896.86699,Unimproved
BWA,Botswana,rural,Drinking water,2004,2.53013,20352.25517,Unimproved
BWA,Botswana,urban,Drinking water,2004,0.45321,4544.6084,Unimproved
BWA,Botswana,total,Drinking water,2005,1.50563,27701.73994,Unimproved
BWA,Botswana,rural,Drinking water,2005,2.70132,21896.2442,Unimproved
BWA,Botswana,urban,Drinking water,2005,0.56402,5805.44946,Unimproved
BWA,Botswana,total,Drinking water,2006,1.63302,30611.12776,Unimproved
BWA,Botswana,rural,Drinking water,2006,2.87251,23476.71158,Unimproved
BWA,Botswana,urban,Drinking water,2006,0.67482,7134.40703,Unimproved
BWA,Botswana,total,Drinking water,2007,1.73564,33171.60205,Unimproved
BWA,Botswana,rural,Drinking water,2007,3.0437,24473.81872,Unimproved
BWA,Botswana,urban,Drinking water,2007,0.78563,8697.83217,Unimproved
BWA,Botswana,total,Drinking water,2008,1.83671,35815.2031,Unimproved
BWA,Botswana,rural,Drinking water,2008,3.21489,25424.34984,Unimproved
BWA,Botswana,urban,Drinking water,2008,0.89643,10390.88419,Unimproved
BWA,Botswana,total,Drinking water,2009,1.93649,38549.1209,Unimproved
BWA,Botswana,rural,Drinking water,2009,3.38609,26330.77647,Unimproved
BWA,Botswana,urban,Drinking water,2009,1.00723,12218.31989,Unimproved
BWA,Botswana,total,Drinking water,2010,2.0349,41371.75499,Unimproved
BWA,Botswana,rural,Drinking water,2010,3.55728,27184.93275,Unimproved
BWA,Botswana,urban,Drinking water,2010,1.11804,14186.84551,Unimproved
BWA,Botswana,total,Drinking water,2011,2.13208,44209.45556,Unimproved
BWA,Botswana,rural,Drinking water,2011,3.72847,27936.38803,Unimproved
BWA,Botswana,urban,Drinking water,2011,1.22884,16273.10179,Unimproved
BWA,Botswana,total,Drinking water,2012,2.24159,47266.63273,Unimproved
BWA,Botswana,rural,Drinking water,2012,3.89966,28970.91286,Unimproved
BWA,Botswana,urban,Drinking water,2012,1.33965,18295.66504,Unimproved
BWA,Botswana,total,Drinking water,2013,2.3526,50361.74647,Unimproved
BWA,Botswana,rural,Drinking water,2013,4.07086,30001.96273,Unimproved
BWA,Botswana,urban,Drinking water,2013,1.45045,20359.78999,Unimproved
BWA,Botswana,total,Drinking water,2014,2.46286,53494.30188,Unimproved
BWA,Botswana,rural,Drinking water,2014,4.24205,30988.23689,Unimproved
BWA,Botswana,urban,Drinking water,2014,1.56125,22506.13247,Unimproved
BWA,Botswana,total,Drinking water,2015,2.5724,56676.96431,Unimproved
BWA,Botswana,rural,Drinking water,2015,4.41324,31937.07655,Unimproved
BWA,Botswana,urban,Drinking water,2015,1.67206,24739.89607,Unimproved
BWA,Botswana,total,Drinking water,2016,2.68124,59919.73295,Unimproved
BWA,Botswana,rural,Drinking water,2016,4.58443,32853.21653,Unimproved
BWA,Botswana,urban,Drinking water,2016,1.78286,27066.51847,Unimproved
BWA,Botswana,total,Drinking water,2017,2.78946,63229.96066,Unimproved
BWA,Botswana,rural,Drinking water,2017,4.75562,33740.76909,Unimproved
BWA,Botswana,urban,Drinking water,2017,1.89367,29489.20022,Unimproved
BWA,Botswana,total,Drinking water,2018,2.89736,66614.47696,Unimproved
BWA,Botswana,rural,Drinking water,2018,4.92682,34609.8829,Unimproved
BWA,Botswana,urban,Drinking water,2018,2.00447,32004.58651,Unimproved
BWA,Botswana,total,Drinking water,2019,3.00497,70078.29478,Unimproved
BWA,Botswana,rural,Drinking water,2019,5.09801,35462.44981,Unimproved
BWA,Botswana,urban,Drinking water,2019,2.11527,34615.79516,Unimproved
BWA,Botswana,total,Drinking water,2020,3.11233,73634.35237,Unimproved
BWA,Botswana,rural,Drinking water,2020,5.2692,36305.81544,Unimproved
BWA,Botswana,urban,Drinking water,2020,2.22608,37328.51979,Unimproved
BWA,Botswana,total,Drinking water,2021,3.21952,77314.88678,Unimproved
BWA,Botswana,rural,Drinking water,2021,5.44039,37156.24224,Unimproved
BWA,Botswana,urban,Drinking water,2021,2.33688,40158.6273,Unimproved
BWA,Botswana,total,Drinking water,2022,3.32649,81162.7911,Unimproved
BWA,Botswana,rural,Drinking water,2022,5.61159,38029.96568,Unimproved
BWA,Botswana,urban,Drinking water,2022,2.44768,43132.79501,Unimproved
BWA,Botswana,total,Drinking water,2024,3.54006,89249.86589,Unimproved
BWA,Botswana,rural,Drinking water,2024,5.95397,39793.59017,Unimproved
BWA,Botswana,urban,Drinking water,2024,2.66929,49456.25169,Unimproved
COD,Democratic Republic of the Congo,total,Drinking water,2000,37.47874,18929553.04,Unimproved
COD,Democratic Republic of the Congo,rural,Drinking water,2000,48.79503,15989261.48,Unimproved
COD,Democratic Republic of the Congo,urban,Drinking water,2000,16.57509,2940292.446,Unimproved
COD,Democratic Republic of the Congo,total,Drinking water,2001,37.39471,19494851.89,Unimproved
COD,Democratic Republic of the Congo,rural,Drinking water,2001,49.06886,16477422.84,Unimproved
COD,Democratic Republic of the Congo,urban,Drinking water,2001,16.26431,3017428.073,Unimproved
COD,Democratic Republic of the Congo,total,Drinking water,2002,37.30424,20051223.86,Unimproved
COD,Democratic Republic of the Congo,rural,Drinking water,2002,49.3427,16959466.91,Unimproved
COD,Democratic Republic of the Congo,urban,Drinking water,2002,15.95354,3091755.67,Unimproved
COD,Democratic Republic of the Congo,total,Drinking water,2003,37.20728,20591945.6,Unimproved
COD,Democratic Republic of the Congo,rural,Drinking water,2003,49.61654,17429774.89,Unimproved
COD,Democratic Republic of the Congo,urban,Drinking water,2003,15.64276,3162168.777,Unimproved
COD,Democratic Republic of the Congo,total,Drinking water,2004,37.10377,21148308.96,Unimproved
COD,Democratic Republic of the Congo,rural,Drinking water,2004,49.89037,17914921.77,Unimproved
COD,Democratic Republic of the Congo,urban,Drinking water,2004,15.33198,3233387.31,Unimproved
COD,Democratic Republic of the Congo,total,Drinking water,2005,36.99226,21742466.35,Unimproved
COD,Democratic Republic of the Congo,rural,Drinking water,2005,50.16421,18433337.29,Unimproved
COD,Democratic Republic of the Congo,urban,Drinking water,2005,15.02121,3309131.501,Unimproved
COD,Democratic Republic of the Congo,total,Drinking water,2006,36.87191,22350244.98,Unimproved
COD,Democratic Republic of the Congo,rural,Drinking water,2006,50.43804,18964423.33,Unimproved
COD,Democratic Republic of the Congo,urban,Drinking water,2006,14.71043,3385821.381,Unimproved
COD,Democratic Republic of the Congo,total,Drinking water,2007,36.74256,22955927.8,Unimproved
COD,Democratic Republic of the Congo,rural,Drinking water,2007,50.71188,19494943.9,Unimproved
COD,Democratic Republic of the Congo,urban,Drinking water,2007,14.39965,3460984.622,Unimproved
COD,Democratic Republic of the Congo,total,Drinking water,2008,36.6048,23570076.66,Unimproved
COD,Democratic Republic of the Congo,rural,Drinking water,2008,50.98571,20034203.66,Unimproved
COD,Democratic Republic of the Congo,urban,Drinking water,2008,14.08888,3535872.184,Unimproved
COD,Democratic Republic of the Congo,total,Drinking water,2009,36.45775,24212337.22,Unimproved
COD,Democratic Republic of the Congo,rural,Drinking water,2009,51.25955,20598784.84,Unimproved
COD,Democratic Republic of the Congo,urban,Drinking water,2009,13.7781,3613552.346,Unimproved
COD,Democratic Republic of the Congo,total,Drinking water,2010,36.30201,24889761.34,Unimproved
COD,Democratic Republic of the Congo,rural,Drinking water,2010,51.53338,21195118.04,Unimproved
COD,Democratic Republic of the Congo,urban,Drinking water,2010,13.46732,3694643.135,Unimproved
COD,Democratic Republic of the Congo,total,Drinking water,2011,36.13669,25602596.1,Unimproved
COD,Democratic Republic of the Congo,rural,Drinking water,2011,51.80722,21823360.11,Unimproved
COD,Democratic Republic of the Congo,urban,Drinking water,2011,13.15655,3779237.435,Unimproved
COD,Democratic Republic of the Congo,total,Drinking water,2012,35.96241,26344129.5,Unimproved
COD,Democratic Republic of the Congo,rural,Drinking water,2012,52.08105,22478264.51,Unimproved
COD,Democratic Republic of the Congo,urban,Drinking water,2012,12.84577,3865865.881,Unimproved
COD,Democratic Republic of the Congo,total,Drinking water,2013,35.77907,27116736.93,Unimproved
COD,Democratic Republic of the Congo,rural,Drinking water,2013,52.35489,23162088.28,Unimproved
COD,Democratic Republic of the Congo,urban,Drinking water,2013,12.535,3954646.808,Unimproved
COD,Democratic Republic of the Congo,total,Drinking water,2014,35.5861,27900659.32,Unimproved
COD,Democratic Republic of the Congo,rural,Drinking water,2014,52.62873,23858051.85,Unimproved
COD,Democratic Republic of the Congo,urban,Drinking water,2014,12.22422,4042608.483,Unimproved
COD,Democratic Republic of the Congo,total,Drinking water,2015,35.38381,28673459.58,Unimproved
COD,Democratic Republic of the Congo,rural,Drinking water,2015,52.90256,24547287.83,Unimproved
COD,Democratic Republic of the Congo,urban,Drinking water,2015,11.91344,4126171.068,Unimproved
COD,Democratic Republic of the Congo,total,Drinking water,2016,35.17206,29529202.18,Unimproved
COD,Democratic Republic of the Congo,rural,Drinking water,2016,53.1764,25310588.65,Unimproved
COD,Democratic Republic of the Congo,urban,Drinking water,2016,11.60267,4218613.577,Unimproved
COD,Democratic Republic of the Congo,total,Drinking water,2017,34.95115,30436649.75,Unimproved
COD,Democratic Republic of the Congo,rural,Drinking water,2017,53.45023,26121772.04,Unimproved
COD,Democratic Republic of the Congo,urban,Drinking water,2017,11.29189,4314878.69,Unimproved
COD,Democratic Republic of the Congo,total,Drinking water,2018,34.72055,31265039.78,Unimproved
COD,Democratic Republic of the Congo,rural,Drinking water,2018,53.72407,26868730.03,Unimproved
COD,Democratic Republic of the Congo,urban,Drinking water,2018,10.98111,4396308.056,Unimproved
COD,Democratic Republic of the Congo,total,Drinking water,2019,34.48057,32048806.79,Unimproved
COD,Democratic Republic of the Congo,rural,Drinking water,2019,53.9979,27581232.6,Unimproved
COD,Democratic Republic of the Congo,urban,Drinking water,2019,10.67034,4467573.943,Unimproved
COD,Democratic Republic of the Congo,total,Drinking water,2020,34.2311,32858428.36,Unimproved
COD,Democratic Republic of the Congo,rural,Drinking water,2020,54.27174,28320122.1,Unimproved
COD,Democratic Republic of the Congo,urban,Drinking water,2020,10.35956,4538306.951,Unimproved
COD,Democratic Republic of the Congo,total,Drinking water,2021,33.61437,33328291.87,Unimproved
COD,Democratic Republic of the Congo,rural,Drinking water,2021,53.99908,28785518.88,Unimproved
COD,Democratic Republic of the Congo,urban,Drinking water,2021,9.90974,4542775.365,Unimproved
COD,Democratic Republic of the Congo,total,Drinking water,2022,32.99332,33784162.49,Unimproved
COD,Democratic Republic of the Congo,rural,Drinking water,2022,53.72642,29247213.85,Unimproved
COD,Democratic Republic of the Congo,urban,Drinking water,2022,9.45993,4536948.976,Unimproved
COD,Democratic Republic of the Congo,total,Drinking water,2024,32.45416,35464691.83,Unimproved
COD,Democratic Republic of the Congo,rural,Drinking water,2024,53.72642,30497027.98,Unimproved
COD,Democratic Republic of the Congo,urban,Drinking water,2024,9.45993,4967663.179,Unimproved
ETH,Ethiopia,total,Drinking water,2000,43.35687,29227510.54,Unimproved
ETH,Ethiopia,rural,Drinking water,2000,49.90143,28680869.64,Unimproved
ETH,Ethiopia,urban,Drinking water,2000,5.50137,546641.5063,Unimproved
ETH,Ethiopia,total,Drinking water,2001,42.05892,29225800.71,Unimproved
ETH,Ethiopia,rural,Drinking water,2001,48.49972,28670766.79,Unimproved
ETH,Ethiopia,urban,Drinking water,2001,5.35105,555034.4923,Unimproved
ETH,Ethiopia,total,Drinking water,2002,40.76398,29201484.3,Unimproved
ETH,Ethiopia,rural,Drinking water,2002,47.09801,28638253.23,Unimproved
ETH,Ethiopia,urban,Drinking water,2002,5.20073,563231.549,Unimproved
ETH,Ethiopia,total,Drinking water,2003,39.47341,29144267.2,Unimproved
ETH,Ethiopia,rural,Drinking water,2003,45.69629,28573380.9,Unimproved
ETH,Ethiopia,urban,Drinking water,2003,5.05041,570886.9717,Unimproved
ETH,Ethiopia,total,Drinking water,2004,38.18686,29051492.69,Unimproved
ETH,Ethiopia,rural,Drinking water,2004,44.29458,28473526.56,Unimproved
ETH,Ethiopia,urban,Drinking water,2004,4.90009,577965.529,Unimproved
ETH,Ethiopia,total,Drinking water,2005,36.9044,28921042.69,Unimproved
ETH,Ethiopia,rural,Drinking water,2005,42.89286,28336644.31,Unimproved
ETH,Ethiopia,urban,Drinking water,2005,4.74976,584396.2583,Unimproved
ETH,Ethiopia,total,Drinking water,2006,35.62573,28751209.69,Unimproved
ETH,Ethiopia,rural,Drinking water,2006,41.49115,28161054.19,Unimproved
ETH,Ethiopia,urban,Drinking water,2006,4.59944,590156.4693,Unimproved
ETH,Ethiopia,total,Drinking water,2007,34.34564,28542329.82,Unimproved
ETH,Ethiopia,rural,Drinking water,2007,40.08943,27946465.57,Unimproved
ETH,Ethiopia,urban,Drinking water,2007,4.44912,595866.6978,Unimproved
ETH,Ethiopia,total,Drinking water,2008,33.01011,28238058.78,Unimproved
ETH,Ethiopia,rural,Drinking water,2008,38.68772,27630926.31,Unimproved
ETH,Ethiopia,urban,Drinking water,2008,4.2988,607130.1894,Unimproved
ETH,Ethiopia,total,Drinking water,2009,31.68245,27882971.33,Unimproved
ETH,Ethiopia,rural,Drinking water,2009,37.286,27265593.13,Unimproved
ETH,Ethiopia,urban,Drinking water,2009,4.14847,617379.7615,Unimproved
ETH,Ethiopia,total,Drinking water,2010,30.36193,27489239.76,Unimproved
ETH,Ethiopia,rural,Drinking water,2010,35.88429,26862315.8,Unimproved
ETH,Ethiopia,urban,Drinking water,2010,3.99815,626924.9003,Unimproved
ETH,Ethiopia,total,Drinking water,2011,29.04951,27059605.45,Unimproved
ETH,Ethiopia,rural,Drinking water,2011,34.48257,26423936.31,Unimproved
ETH,Ethiopia,urban,Drinking water,2011,3.84783,635667.232,Unimproved
ETH,Ethiopia,total,Drinking water,2012,27.74484,26579217.38,Unimproved
ETH,Ethiopia,rural,Drinking water,2012,33.08086,25935960.7,Unimproved
ETH,Ethiopia,urban,Drinking water,2012,3.69751,643257.5816,Unimproved
ETH,Ethiopia,total,Drinking water,2013,26.45364,26040629.03,Unimproved
ETH,Ethiopia,rural,Drinking water,2013,31.67915,25392023.79,Unimproved
ETH,Ethiopia,urban,Drinking water,2013,3.54719,648602.916,Unimproved
ETH,Ethiopia,total,Drinking water,2014,25.17066,25451469.19,Unimproved
ETH,Ethiopia,rural,Drinking water,2014,30.27743,24798930.93,Unimproved
ETH,Ethiopia,urban,Drinking water,2014,3.39686,652535.6798,Unimproved
ETH,Ethiopia,total,Drinking water,2015,23.89648,24820589.86,Unimproved
ETH,Ethiopia,rural,Drinking water,2015,28.87572,24165461.09,Unimproved
ETH,Ethiopia,urban,Drinking water,2015,3.24654,655129.6309,Unimproved
ETH,Ethiopia,total,Drinking water,2016,22.63111,24151506.2,Unimproved
ETH,Ethiopia,rural,Drinking water,2016,27.474,23495087.28,Unimproved
ETH,Ethiopia,urban,Drinking water,2016,3.09622,656418.1091,Unimproved
ETH,Ethiopia,total,Drinking water,2017,21.37532,23441559.17,Unimproved
ETH,Ethiopia,rural,Drinking water,2017,26.07229,22785410.41,Unimproved
ETH,Ethiopia,urban,Drinking water,2017,2.9459,656147.5169,Unimproved
ETH,Ethiopia,total,Drinking water,2018,20.12867,22677792.06,Unimproved
ETH,Ethiopia,rural,Drinking water,2018,24.67057,22023838.75,Unimproved
ETH,Ethiopia,urban,Drinking water,2018,2.79558,653953.8506,Unimproved
ETH,Ethiopia,total,Drinking water,2019,18.8915,21864524.15,Unimproved
ETH,Ethiopia,rural,Drinking water,2019,23.26886,21214713.22,Unimproved
ETH,Ethiopia,urban,Drinking water,2019,2.64525,649813.3478,Unimproved
ETH,Ethiopia,total,Drinking water,2020,17.66434,21006022.03,Unimproved
ETH,Ethiopia,rural,Drinking water,2020,21.86714,20362351.82,Unimproved
ETH,Ethiopia,urban,Drinking water,2020,2.49493,643672.0414,Unimproved
ETH,Ethiopia,total,Drinking water,2021,16.44732,20088520.94,Unimproved
ETH,Ethiopia,rural,Drinking water,2021,20.46543,19453531.54,Unimproved
ETH,Ethiopia,urban,Drinking water,2021,2.34461,634990.8151,Unimproved
ETH,Ethiopia,total,Drinking water,2022,15.24093,19109735.76,Unimproved
ETH,Ethiopia,rural,Drinking water,2022,19.06371,18486265.51,Unimproved
ETH,Ethiopia,urban,Drinking water,2022,2.19429,623470.1458,Unimproved
ETH,Ethiopia,total,Drinking water,2024,12.86099,16984197.01,Unimproved
ETH,Ethiopia,rural,Drinking water,2024,16.26029,16392498.49,Unimproved
ETH,Ethiopia,urban,Drinking water,2024,1.89364,591700.1796,Unimproved
GHA,Ghana,total,Drinking water,2000,8.16517,1603401.659,Unimproved
GHA,Ghana,rural,Drinking water,2000,9.99964,1101031.441,Unimproved
GHA,Ghana,urban,Drinking water,2000,5.82365,502370.1395,Unimproved
GHA,Ghana,total,Drinking water,2001,7.87202,1587555.936,Unimproved
GHA,Ghana,rural,Drinking water,2001,9.72636,1086663.401,Unimproved
GHA,Ghana,urban,Drinking water,2001,5.56874,500891.9507,Unimproved
GHA,Ghana,total,Drinking water,2002,7.57903,1571086.834,Unimproved
GHA,Ghana,rural,Drinking water,2002,9.45308,1072372.218,Unimproved
GHA,Ghana,urban,Drinking water,2002,5.31382,498714.3604,Unimproved
GHA,Ghana,total,Drinking water,2003,7.28621,1551721.992,Unimproved
GHA,Ghana,rural,Drinking water,2003,9.1798,1056655.038,Unimproved
GHA,Ghana,urban,Drinking water,2003,5.05891,495067.0182,Unimproved
GHA,Ghana,total,Drinking water,2004,6.99351,1529361.64,Unimproved
GHA,Ghana,rural,Drinking water,2004,8.90652,1039489.535,Unimproved
GHA,Ghana,urban,Drinking water,2004,4.80399,489871.949,Unimproved
GHA,Ghana,total,Drinking water,2005,6.7011,1504360.232,Unimproved
GHA,Ghana,rural,Drinking water,2005,8.63324,1021230.704,Unimproved
GHA,Ghana,urban,Drinking water,2005,4.54908,483129.0664,Unimproved
GHA,Ghana,total,Drinking water,2006,6.40886,1476646.734,Unimproved
GHA,Ghana,rural,Drinking water,2006,8.35996,1001851.44,Unimproved
GHA,Ghana,urban,Drinking water,2006,4.29416,474795.4495,Unimproved
GHA,Ghana,total,Drinking water,2007,6.11683,1446158.199,Unimproved
GHA,Ghana,rural,Drinking water,2007,8.08668,981384.3991,Unimproved
GHA,Ghana,urban,Drinking water,2007,4.03924,464774.0699,Unimproved
GHA,Ghana,total,Drinking water,2008,5.82501,1412562.746,Unimproved
GHA,Ghana,rural,Drinking water,2008,7.8134,959669.1033,Unimproved
GHA,Ghana,urban,Drinking water,2008,3.78433,452893.0022,Unimproved
GHA,Ghana,total,Drinking water,2009,5.53352,1375781.715,Unimproved
GHA,Ghana,rural,Drinking water,2009,7.54012,936755.6803,Unimproved
GHA,Ghana,urban,Drinking water,2009,3.52941,439025.1517,Unimproved
GHA,Ghana,total,Drinking water,2010,5.2422,1335450.446,Unimproved
GHA,Ghana,rural,Drinking water,2010,7.26684,912413.7231,Unimproved
GHA,Ghana,urban,Drinking water,2010,3.2745,423036.8219,Unimproved
GHA,Ghana,total,Drinking water,2011,4.95117,1292012.777,Unimproved
GHA,Ghana,rural,Drinking water,2011,6.99356,887047.1039,Unimproved
GHA,Ghana,urban,Drinking water,2011,3.01958,404965.5551,Unimproved
GHA,Ghana,total,Drinking water,2012,4.66047,1245943.263,Unimproved
GHA,Ghana,rural,Drinking water,2012,6.72027,861064.2578,Unimproved
GHA,Ghana,urban,Drinking water,2012,2.76467,384878.6095,Unimproved
GHA,Ghana,total,Drinking water,2013,4.37018,1196825.888,Unimproved
GHA,Ghana,rural,Drinking water,2013,6.44699,834274.8744,Unimproved
GHA,Ghana,urban,Drinking water,2013,2.50975,362550.434,Unimproved
GHA,Ghana,total,Drinking water,2014,4.08029,1144178.128,Unimproved
GHA,Ghana,rural,Drinking water,2014,6.17371,806413.8726,Unimproved
GHA,Ghana,urban,Drinking water,2014,2.25484,337764.0684,Unimproved
GHA,Ghana,total,Drinking water,2015,3.7908,1087810.876,Unimproved
GHA,Ghana,rural,Drinking water,2015,5.90043,777412.4115,Unimproved
GHA,Ghana,urban,Drinking water,2015,1.99992,310398.8283,Unimproved
GHA,Ghana,total,Drinking water,2016,3.50172,1027989.626,Unimproved
GHA,Ghana,rural,Drinking water,2016,5.62715,747523.3693,Unimproved
GHA,Ghana,urban,Drinking water,2016,1.74501,280466.4122,Unimproved
GHA,Ghana,total,Drinking water,2017,3.21307,964188.9135,Unimproved
GHA,Ghana,rural,Drinking water,2017,5.35387,716435.1951,Unimproved
GHA,Ghana,urban,Drinking water,2017,1.49009,247753.2413,Unimproved
GHA,Ghana,total,Drinking water,2018,2.92485,896103.847,Unimproved
GHA,Ghana,rural,Drinking water,2018,5.08059,683957.237,Unimproved
GHA,Ghana,urban,Drinking water,2018,1.23517,212146.5609,Unimproved
GHA,Ghana,total,Drinking water,2019,2.63711,824331.9144,Unimproved
GHA,Ghana,rural,Drinking water,2019,4.80731,650570.4207,Unimproved
GHA,Ghana,urban,Drinking water,2019,0.98026,173760.8526,Unimproved
GHA,Ghana,total,Drinking water,2020,2.34979,749296.0598,Unimproved
GHA,Ghana,rural,Drinking water,2020,4.53403,616649.5739,Unimproved
GHA,Ghana,urban,Drinking water,2020,0.72534,132646.0922,Unimproved
GHA,Ghana,total,Drinking water,2021,2.06293,670837.1068,Unimproved
GHA,Ghana,rural,Drinking water,2021,4.26075,582134.3894,Unimproved
GHA,Ghana,urban,Drinking water,2021,0.47043,88703.736,Unimproved
GHA,Ghana,total,Drinking water,2022,1.77654,588906.8886,Unimproved
GHA,Ghana,rural,Drinking water,2022,3.98747,547032.237,Unimproved
GHA,Ghana,urban,Drinking water,2022,0.21551,41874.98377,Unimproved
GHA,Ghana,total,Drinking water,2024,1.38138,475575.037,Unimproved
GHA,Ghana,rural,Drinking water,2024,3.44091,475576.0591,Unimproved
GHA,Ghana,urban,Drinking water,2024,0,0,Unimproved
KEN,Kenya,total,Drinking water,2000,17.3659,5321413.39,Unimproved
KEN,Kenya,rural,Drinking water,2000,20.01449,4913038.588,Unimproved
KEN,Kenya,urban,Drinking water,2000,6.69962,408374.4069,Unimproved
KEN,Kenya,total,Drinking water,2001,16.90027,5343724.547,Unimproved
KEN,Kenya,rural,Drinking water,2001,19.53132,4925753.718,Unimproved
KEN,Kenya,urban,Drinking water,2001,6.53139,417970.3481,Unimproved
KEN,Kenya,total,Drinking water,2002,16.43619,5363096.539,Unimproved
KEN,Kenya,rural,Drinking water,2002,19.04815,4935567.476,Unimproved
KEN,Kenya,urban,Drinking water,2002,6.36317,427528.6854,Unimproved
KEN,Kenya,total,Drinking water,2003,15.9737,5375506.521,Unimproved
KEN,Kenya,rural,Drinking water,2003,18.56498,4938796.95,Unimproved
KEN,Kenya,urban,Drinking water,2003,6.19494,436710.2441,Unimproved
KEN,Kenya,total,Drinking water,2004,15.51287,5385053.179,Unimproved
KEN,Kenya,rural,Drinking water,2004,18.08181,4939231.148,Unimproved
KEN,Kenya,urban,Drinking water,2004,6.02671,445822.185,Unimproved
KEN,Kenya,total,Drinking water,2005,15.05396,5388789.991,Unimproved
KEN,Kenya,rural,Drinking water,2005,17.59864,4934236.315,Unimproved
KEN,Kenya,urban,Drinking water,2005,5.85848,454553.144,Unimproved
KEN,Kenya,total,Drinking water,2006,14.59678,5386797.889,Unimproved
KEN,Kenya,rural,Drinking water,2006,17.11547,4923868.2,Unimproved
KEN,Kenya,urban,Drinking water,2006,5.69026,462930.0552,Unimproved
KEN,Kenya,total,Drinking water,2007,14.14138,5378864.654,Unimproved
KEN,Kenya,rural,Drinking water,2007,16.6323,4907959.729,Unimproved
KEN,Kenya,urban,Drinking water,2007,5.52203,470904.6212,Unimproved
KEN,Kenya,total,Drinking water,2008,13.6878,5366486.074,Unimproved
KEN,Kenya,rural,Drinking water,2008,16.14913,4887906.863,Unimproved
KEN,Kenya,urban,Drinking water,2008,5.3538,478578.6867,Unimproved
KEN,Kenya,total,Drinking water,2009,13.23629,5348639.08,Unimproved
KEN,Kenya,rural,Drinking water,2009,15.66596,4862855.646,Unimproved
KEN,Kenya,urban,Drinking water,2009,5.18557,485783.9584,Unimproved
KEN,Kenya,total,Drinking water,2010,12.78669,5319081.602,Unimproved
KEN,Kenya,rural,Drinking water,2010,15.18279,4827121.347,Unimproved
KEN,Kenya,urban,Drinking water,2010,5.01734,491960.4519,Unimproved
KEN,Kenya,total,Drinking water,2011,12.33856,5275776.368,Unimproved
KEN,Kenya,rural,Drinking water,2011,14.69962,4778801.424,Unimproved
KEN,Kenya,urban,Drinking water,2011,4.84912,496974.9774,Unimproved
KEN,Kenya,total,Drinking water,2012,11.89206,5219225.288,Unimproved
KEN,Kenya,rural,Drinking water,2012,14.21645,4718453.738,Unimproved
KEN,Kenya,urban,Drinking water,2012,4.68089,500771.3118,Unimproved
KEN,Kenya,total,Drinking water,2013,11.44712,5149692.866,Unimproved
KEN,Kenya,rural,Drinking water,2013,13.73328,4646349.47,Unimproved
KEN,Kenya,urban,Drinking water,2013,4.51266,503343.171,Unimproved
KEN,Kenya,total,Drinking water,2014,11.00401,5067504.716,Unimproved
KEN,Kenya,rural,Drinking water,2014,13.25011,4562916.269,Unimproved
KEN,Kenya,urban,Drinking water,2014,4.34443,504589.7827,Unimproved
KEN,Kenya,total,Drinking water,2015,10.56273,4973836.14,Unimproved
KEN,Kenya,rural,Drinking water,2015,12.76694,4469266.889,Unimproved
KEN,Kenya,urban,Drinking water,2015,4.1762,504567.8354,Unimproved
KEN,Kenya,total,Drinking water,2016,10.12337,4873360.766,Unimproved
KEN,Kenya,rural,Drinking water,2016,12.28377,4369685.354,Unimproved
KEN,Kenya,urban,Drinking water,2016,4.00798,503676.8915,Unimproved
KEN,Kenya,total,Drinking water,2017,9.68604,4765316.426,Unimproved
KEN,Kenya,rural,Drinking water,2017,11.8006,4263541.332,Unimproved
KEN,Kenya,urban,Drinking water,2017,3.83975,501774.776,Unimproved
KEN,Kenya,total,Drinking water,2018,9.25074,4644531.24,Unimproved
KEN,Kenya,rural,Drinking water,2018,11.31743,4146269.306,Unimproved
KEN,Kenya,urban,Drinking water,2018,3.67152,498261.25,Unimproved
KEN,Kenya,total,Drinking water,2019,8.81773,4514928.843,Unimproved
KEN,Kenya,rural,Drinking water,2019,10.83426,4021512.588,Unimproved
KEN,Kenya,urban,Drinking water,2019,3.50329,493416.3014,Unimproved
KEN,Kenya,total,Drinking water,2020,8.38696,4379447.075,Unimproved
KEN,Kenya,rural,Drinking water,2020,10.35109,3891917.616,Unimproved
KEN,Kenya,urban,Drinking water,2020,3.33506,487527.7068,Unimproved
KEN,Kenya,total,Drinking water,2021,7.95858,4235491.829,Unimproved
KEN,Kenya,rural,Drinking water,2021,9.86792,3755281.029,Unimproved
KEN,Kenya,urban,Drinking water,2021,3.16684,480210.6378,Unimproved
KEN,Kenya,total,Drinking water,2022,7.53264,4086644.311,Unimproved
KEN,Kenya,rural,Drinking water,2022,9.38475,3614835.311,Unimproved
KEN,Kenya,urban,Drinking water,2022,2.99861,471809.9131,Unimproved
KEN,Kenya,total,Drinking water,2024,6.68871,3774638.008,Unimproved
KEN,Kenya,rural,Drinking water,2024,8.41842,3323203.767,Unimproved
KEN,Kenya,urban,Drinking water,2024,2.66215,451435.3415,Unimproved
NER,Niger,total,Drinking water,2000,53.78855,6190863.496,Unimproved
NER,Niger,rural,Drinking water,2000,63.15911,6092758.087,Unimproved
NER,Niger,urban,Drinking water,2000,5.26613,98105.37935,Unimproved
NER,Niger,total,Drinking water,2001,52.61858,6272475.604,Unimproved
NER,Niger,rural,Drinking water,2001,61.84571,6173655.495,Unimproved
NER,Niger,urban,Drinking water,2001,5.09829,98820.0777,Unimproved
NER,Niger,total,Drinking water,2002,51.49423,6359096.516,Unimproved
NER,Niger,rural,Drinking water,2002,60.53231,6260125.294,Unimproved
NER,Niger,urban,Drinking water,2002,4.93045,98971.62227,Unimproved
NER,Niger,total,Drinking water,2003,50.36922,6445740.957,Unimproved
NER,Niger,rural,Drinking water,2003,59.21891,6346695.834,Unimproved
NER,Niger,urban,Drinking water,2003,4.76261,99045.10011,Unimproved
NER,Niger,total,Drinking water,2004,49.32227,6543012.086,Unimproved
NER,Niger,rural,Drinking water,2004,58.00091,6444212.201,Unimproved
NER,Niger,urban,Drinking water,2004,4.58406,98800.23362,Unimproved
NER,Niger,total,Drinking water,2005,48.27577,6640907.945,Unimproved
NER,Niger,rural,Drinking water,2005,56.78291,6542476.421,Unimproved
NER,Niger,urban,Drinking water,2005,4.4055,98431.34468,Unimproved
NER,Niger,total,Drinking water,2006,47.22865,6738858.614,Unimproved
NER,Niger,rural,Drinking water,2006,55.56491,6640922.919,Unimproved
NER,Niger,urban,Drinking water,2006,4.22695,97935.56846,Unimproved
NER,Niger,total,Drinking water,2007,46.18145,6836521.572,Unimproved
NER,Niger,rural,Drinking water,2007,54.34691,6739229.618,Unimproved
NER,Niger,urban,Drinking water,2007,4.0484,97291.78902,Unimproved
NER,Niger,total,Drinking water,2008,45.13465,6933546.884,Unimproved
NER,Niger,rural,Drinking water,2008,53.12891,6837068.664,Unimproved
NER,Niger,urban,Drinking water,2008,3.86984,96478.46574,Unimproved
NER,Niger,total,Drinking water,2009,44.08727,7029131.477,Unimproved
NER,Niger,rural,Drinking water,2009,51.91091,6933643.052,Unimproved
NER,Niger,urban,Drinking water,2009,3.69129,95488.50021,Unimproved
NER,Niger,total,Drinking water,2010,43.03981,7122587.05,Unimproved
NER,Niger,rural,Drinking water,2010,50.6929,7028291.293,Unimproved
NER,Niger,urban,Drinking water,2010,3.51273,94295.35217,Unimproved
NER,Niger,total,Drinking water,2011,41.99272,7212789.254,Unimproved
NER,Niger,rural,Drinking water,2011,49.4749,7119921.839,Unimproved
NER,Niger,urban,Drinking water,2011,3.33418,92867.10558,Unimproved
NER,Niger,total,Drinking water,2012,40.94508,7303279.59,Unimproved
NER,Niger,rural,Drinking water,2012,48.2569,7212028.621,Unimproved
NER,Niger,urban,Drinking water,2012,3.15563,91251.12708,Unimproved
NER,Niger,total,Drinking water,2013,39.89736,7388950.404,Unimproved
NER,Niger,rural,Drinking water,2013,47.0389,7299587.255,Unimproved
NER,Niger,urban,Drinking water,2013,2.97707,89362.90706,Unimproved
NER,Niger,total,Drinking water,2014,38.8431,7464054.553,Unimproved
NER,Niger,rural,Drinking water,2014,45.8209,7376835.197,Unimproved
NER,Niger,urban,Drinking water,2014,2.79852,87219.38253,Unimproved
NER,Niger,total,Drinking water,2015,37.78193,7533527.078,Unimproved
NER,Niger,rural,Drinking water,2015,44.6029,7448651.701,Unimproved
NER,Niger,urban,Drinking water,2015,2.61996,84875.54203,Unimproved
NER,Niger,total,Drinking water,2016,36.7152,7594816.37,Unimproved
NER,Niger,rural,Drinking water,2016,43.3849,7512547.637,Unimproved
NER,Niger,urban,Drinking water,2016,2.44141,82268.37918,Unimproved
NER,Niger,total,Drinking water,2017,35.64259,7640147.265,Unimproved
NER,Niger,rural,Drinking water,2017,42.16689,7560840.417,Unimproved
NER,Niger,urban,Drinking water,2017,2.26285,79306.15968,Unimproved
NER,Niger,total,Drinking water,2018,34.56539,7669391.693,Unimproved
NER,Niger,rural,Drinking water,2018,40.94889,7593430.872,Unimproved
NER,Niger,urban,Drinking water,2018,2.0843,75960.04362,Unimproved
NER,Niger,total,Drinking water,2019,33.48331,7683668.837,Unimproved
NER,Niger,rural,Drinking water,2019,39.73089,7611436.042,Unimproved
NER,Niger,urban,Drinking water,2019,1.90575,72233.13939,Unimproved
NER,Niger,total,Drinking water,2020,32.3969,7683771.462,Unimproved
NER,Niger,rural,Drinking water,2020,38.51289,7615662.949,Unimproved
NER,Niger,urban,Drinking water,2020,1.72719,68108.20266,Unimproved
NER,Niger,total,Drinking water,2021,31.30703,7670893.012,Unimproved
NER,Niger,rural,Drinking water,2021,37.29489,7607331.647,Unimproved
NER,Niger,urban,Drinking water,2021,1.54864,63561.5758,Unimproved
NER,Niger,total,Drinking water,2022,30.21352,7647638.653,Unimproved
NER,Niger,rural,Drinking water,2022,36.07689,7589050.388,Unimproved
NER,Niger,urban,Drinking water,2022,1.37008,58587.58418,Unimproved
NER,Niger,total,Drinking water,2024,28.01844,7574060.755,Unimproved
NER,Niger,rural,Drinking water,2024,33.64088,7526874.172,Unimproved
NER,Niger,urban,Drinking water,2024,1.01298,47186.67517,Unimproved
NGA,Nigeria,total,Drinking water,2000,24.40245,30840419.38,Unimproved
NGA,Nigeria,rural,Drinking water,2000,30.95089,25488311.31,Unimproved
NGA,Nigeria,urban,Drinking water,2000,12.15514,5352108.925,Unimproved
NGA,Nigeria,total,Drinking water,2001,23.07989,29972137.63,Unimproved
NGA,Nigeria,rural,Drinking water,2001,29.50458,24648690.47,Unimproved
NGA,Nigeria,urban,Drinking water,2001,11.49259,5323445.309,Unimproved
NGA,Nigeria,total,Drinking water,2002,22.50984,30044326.13,Unimproved
NGA,Nigeria,rural,Drinking water,2002,29.07933,24642999.14,Unimproved
NGA,Nigeria,urban,Drinking water,2002,11.08466,5401328.002,Unimproved
NGA,Nigeria,total,Drinking water,2003,21.93846,30100149.45,Unimproved
NGA,Nigeria,rural,Drinking water,2003,28.65408,24627961.66,Unimproved
NGA,Nigeria,urban,Drinking water,2003,10.67673,5472191.289,Unimproved
NGA,Nigeria,total,Drinking water,2004,21.36595,30138172.95,Unimproved
NGA,Nigeria,rural,Drinking water,2004,28.22883,24603213.76,Unimproved
NGA,Nigeria,urban,Drinking water,2004,10.26881,5534961.164,Unimproved
NGA,Nigeria,total,Drinking water,2005,20.79265,30152930.55,Unimproved
NGA,Nigeria,rural,Drinking water,2005,27.80358,24565356.79,Unimproved
NGA,Nigeria,urban,Drinking water,2005,9.86088,5587573.953,Unimproved
NGA,Nigeria,total,Drinking water,2006,20.2184,30141047.73,Unimproved
NGA,Nigeria,rural,Drinking water,2006,27.37833,24512197.32,Unimproved
NGA,Nigeria,urban,Drinking water,2006,9.45295,5628852.53,Unimproved
NGA,Nigeria,total,Drinking water,2007,19.64319,30106586.54,Unimproved
NGA,Nigeria,rural,Drinking water,2007,26.95308,24447818.66,Unimproved
NGA,Nigeria,urban,Drinking water,2007,9.04503,5658765.298,Unimproved
NGA,Nigeria,total,Drinking water,2008,19.06704,30048701.97,Unimproved
NGA,Nigeria,rural,Drinking water,2008,26.52783,24372377.29,Unimproved
NGA,Nigeria,urban,Drinking water,2008,8.6371,5676326.67,Unimproved
NGA,Nigeria,total,Drinking water,2009,18.49066,29964009.83,Unimproved
NGA,Nigeria,rural,Drinking water,2009,26.10258,24284753.67,Unimproved
NGA,Nigeria,urban,Drinking water,2009,8.22918,5679252.649,Unimproved
NGA,Nigeria,total,Drinking water,2010,17.9135,29851580.44,Unimproved
NGA,Nigeria,rural,Drinking water,2010,25.67733,24184594.82,Unimproved
NGA,Nigeria,urban,Drinking water,2010,7.82125,5666989.594,Unimproved
NGA,Nigeria,total,Drinking water,2011,17.33774,29713341.45,Unimproved
NGA,Nigeria,rural,Drinking water,2011,25.25208,24076679.3,Unimproved
NGA,Nigeria,urban,Drinking water,2011,7.41332,5636665.573,Unimproved
NGA,Nigeria,total,Drinking water,2012,16.76334,29537117.31,Unimproved
NGA,Nigeria,rural,Drinking water,2012,24.82683,23952153.56,Unimproved
NGA,Nigeria,urban,Drinking water,2012,7.0054,5584963.208,Unimproved
NGA,Nigeria,total,Drinking water,2013,16.19068,29313134.86,Unimproved
NGA,Nigeria,rural,Drinking water,2013,24.40158,23804489.33,Unimproved
NGA,Nigeria,urban,Drinking water,2013,6.59747,5508648.281,Unimproved
NGA,Nigeria,total,Drinking water,2014,15.61974,29036619.19,Unimproved
NGA,Nigeria,rural,Drinking water,2014,23.97633,23630789.05,Unimproved
NGA,Nigeria,urban,Drinking water,2014,6.18954,5405828.346,Unimproved
NGA,Nigeria,total,Drinking water,2015,15.05053,28697119.59,Unimproved
NGA,Nigeria,rural,Drinking water,2015,23.55108,23423495.26,Unimproved
NGA,Nigeria,urban,Drinking water,2015,5.78162,5273620.868,Unimproved
NGA,Nigeria,total,Drinking water,2016,14.48355,28307193.8,Unimproved
NGA,Nigeria,rural,Drinking water,2016,23.12583,23194247.02,Unimproved
NGA,Nigeria,urban,Drinking water,2016,5.37369,5112950.706,Unimproved
NGA,Nigeria,total,Drinking water,2017,13.91848,27872386.47,Unimproved
NGA,Nigeria,rural,Drinking water,2017,22.70058,22948132.04,Unimproved
NGA,Nigeria,urban,Drinking water,2017,4.96576,4924252.807,Unimproved
NGA,Nigeria,total,Drinking water,2018,13.35563,27370868.32,Unimproved
NGA,Nigeria,rural,Drinking water,2018,22.27533,22668351.61,Unimproved
NGA,Nigeria,urban,Drinking water,2018,4.55784,4702519.462,Unimproved
NGA,Nigeria,total,Drinking water,2019,12.7952,26804116.23,Unimproved
NGA,Nigeria,rural,Drinking water,2019,21.85008,22356799.86,Unimproved
NGA,Nigeria,urban,Drinking water,2019,4.14991,4447316.634,Unimproved
NGA,Nigeria,total,Drinking water,2020,12.23717,26187084,Unimproved
NGA,Nigeria,rural,Drinking water,2020,21.42483,22026446.58,Unimproved
NGA,Nigeria,urban,Drinking water,2020,3.74198,4160642.272,Unimproved
NGA,Nigeria,total,Drinking water,2021,11.68172,25527983.86,Unimproved
NGA,Nigeria,rural,Drinking water,2021,20.99958,21684969.56,Unimproved
NGA,Nigeria,urban,Drinking water,2021,3.33406,3843016.633,Unimproved
NGA,Nigeria,total,Drinking water,2022,11.12884,24834096.39,Unimproved
NGA,Nigeria,rural,Drinking water,2022,20.57433,21339344.45,Unimproved
NGA,Nigeria,urban,Drinking water,2022,2.92613,3494754.192,Unimproved
NGA,Nigeria,total,Drinking water,2024,10.03109,23340292.65,Unimproved
NGA,Nigeria,rural,Drinking water,2024,19.72383,20638216.7,Unimproved
NGA,Nigeria,urban,Drinking water,2024,2.11028,2702074.42,Unimproved
SSD,South Sudan,total,Drinking water,2011,14.83728,1526475.219,Unimproved
SSD,South Sudan,rural,Drinking water,2011,15.87074,1338372.749,Unimproved
SSD,South Sudan,urban,Drinking water,2011,10.13945,188102.2371,Unimproved
SSD,South Sudan,total,Drinking water,2012,14.44532,1553773.619,Unimproved
SSD,South Sudan,rural,Drinking water,2012,15.411,1355671.481,Unimproved
SSD,South Sudan,urban,Drinking water,2012,10.11,198101.863,Unimproved
SSD,South Sudan,total,Drinking water,2013,14.05432,1569344.155,Unimproved
SSD,South Sudan,rural,Drinking water,2013,14.95127,1362061.295,Unimproved
SSD,South Sudan,urban,Drinking water,2013,10.08055,207283.2687,Unimproved
SSD,South Sudan,total,Drinking water,2014,13.66445,1535211.065,Unimproved
SSD,South Sudan,rural,Drinking water,2014,14.49153,1324877.666,Unimproved
SSD,South Sudan,urban,Drinking water,2014,10.0511,210333.7847,Unimproved
SSD,South Sudan,total,Drinking water,2015,13.2758,1474617.759,Unimproved
SSD,South Sudan,rural,Drinking water,2015,14.03179,1264764.608,Unimproved
SSD,South Sudan,urban,Drinking water,2015,10.02165,209853.0234,Unimproved
SSD,South Sudan,total,Drinking water,2016,12.88859,1395847.253,Unimproved
SSD,South Sudan,rural,Drinking water,2016,13.57206,1189240.376,Unimproved
SSD,South Sudan,urban,Drinking water,2016,9.9922,206606.9246,Unimproved
SSD,South Sudan,total,Drinking water,2017,12.503,1282702.271,Unimproved
SSD,South Sudan,rural,Drinking water,2017,13.11232,1084968.044,Unimproved
SSD,South Sudan,urban,Drinking water,2017,9.96274,197734.1649,Unimproved
SSD,South Sudan,total,Drinking water,2018,12.11919,1226823.175,Unimproved
SSD,South Sudan,rural,Drinking water,2018,12.65258,1029585.471,Unimproved
SSD,South Sudan,urban,Drinking water,2018,9.93329,197237.6404,Unimproved
SSD,South Sudan,total,Drinking water,2019,11.73736,1223430.049,Unimproved
SSD,South Sudan,rural,Drinking water,2019,12.19284,1018009.234,Unimproved
SSD,South Sudan,urban,Drinking water,2019,9.90384,205420.4491,Unimproved
SSD,South Sudan,total,Drinking water,2020,11.35767,1215096.217,Unimproved
SSD,South Sudan,rural,Drinking water,2020,11.73311,1001712.165,Unimproved
SSD,South Sudan,urban,Drinking water,2020,9.87439,213383.9095,Unimproved
SSD,South Sudan,total,Drinking water,2021,10.98034,1193099.318,Unimproved
SSD,South Sudan,rural,Drinking water,2021,11.27337,973655.5176,Unimproved
SSD,South Sudan,urban,Drinking water,2021,9.84494,219444.2614,Unimproved
SSD,South Sudan,total,Drinking water,2022,10.60556,1168857.715,Unimproved
SSD,South Sudan,rural,Drinking water,2022,10.81363,943349.1429,Unimproved
SSD,South Sudan,urban,Drinking water,2022,9.81549,225508.3034,Unimproved
SSD,South Sudan,total,Drinking water,2024,10.59843,1265814.116,Unimproved
SSD,South Sudan,rural,Drinking water,2024,10.81363,1013065.394,Unimproved
SSD,South Sudan,urban,Drinking water,2024,9.81549,252748.6641,Unimproved
UGA,Uganda,total,Drinking water,2000,25.0585,6014076.683,Unimproved
UGA,Uganda,rural,Drinking water,2000,28.15406,5757925.018,Unimproved
UGA,Uganda,urban,Drinking water,2000,7.21828,256152.217,Unimproved
UGA,Uganda,total,Drinking water,2001,24.37543,6031866.009,Unimproved
UGA,Uganda,rural,Drinking water,2001,27.45982,5762192.777,Unimproved
UGA,Uganda,urban,Drinking water,2001,7.16913,269673.2681,Unimproved
UGA,Uganda,total,Drinking water,2002,23.69576,6050207.927,Unimproved
UGA,Uganda,rural,Drinking water,2002,26.76558,5766136.971,Unimproved
UGA,Uganda,urban,Drinking water,2002,7.11998,284070.7278,Unimproved
UGA,Uganda,total,Drinking water,2003,23.01967,6066172.121,Unimproved
UGA,Uganda,rural,Drinking water,2003,26.07134,5766904.723,Unimproved
UGA,Uganda,urban,Drinking water,2003,7.07084,299267.2303,Unimproved
UGA,Uganda,total,Drinking water,2004,22.34717,6068266.337,Unimproved
UGA,Uganda,rural,Drinking water,2004,25.3771,5753526.156,Unimproved
UGA,Uganda,urban,Drinking water,2004,7.02169,314740.0468,Unimproved
UGA,Uganda,total,Drinking water,2005,21.67919,6062214.403,Unimproved
UGA,Uganda,rural,Drinking water,2005,24.68286,5731536.067,Unimproved
UGA,Uganda,urban,Drinking water,2005,6.97255,330678.1799,Unimproved
UGA,Uganda,total,Drinking water,2006,21.015,6051059.946,Unimproved
UGA,Uganda,rural,Drinking water,2006,23.98862,5703688.621,Unimproved
UGA,Uganda,urban,Drinking water,2006,6.9234,347371.6399,Unimproved
UGA,Uganda,total,Drinking water,2007,20.35534,6036056.207,Unimproved
UGA,Uganda,rural,Drinking water,2007,23.29437,5671192.818,Unimproved
UGA,Uganda,urban,Drinking water,2007,6.87426,364862.6544,Unimproved
UGA,Uganda,total,Drinking water,2008,19.70005,6016307.356,Unimproved
UGA,Uganda,rural,Drinking water,2008,22.60013,5633119.615,Unimproved
UGA,Uganda,urban,Drinking water,2008,6.82511,383188.4201,Unimproved
UGA,Uganda,total,Drinking water,2009,19.04966,5991338.549,Unimproved
UGA,Uganda,rural,Drinking water,2009,21.90589,5589025.646,Unimproved
UGA,Uganda,urban,Drinking water,2009,6.77596,402312.6116,Unimproved
UGA,Uganda,total,Drinking water,2010,18.40406,5961221.553,Unimproved
UGA,Uganda,rural,Drinking water,2010,21.21165,5538890.282,Unimproved
UGA,Uganda,urban,Drinking water,2010,6.72682,422330.4952,Unimproved
UGA,Uganda,total,Drinking water,2011,17.76358,5924959.765,Unimproved
UGA,Uganda,rural,Drinking water,2011,20.51741,5481770.507,Unimproved
UGA,Uganda,urban,Drinking water,2011,6.67767,443189.6499,Unimproved
UGA,Uganda,total,Drinking water,2012,17.12829,5881417.631,Unimproved
UGA,Uganda,rural,Drinking water,2012,19.82317,5416553.41,Unimproved
UGA,Uganda,urban,Drinking water,2012,6.62853,464863.8364,Unimproved
UGA,Uganda,total,Drinking water,2013,16.49879,5830184.24,Unimproved
UGA,Uganda,rural,Drinking water,2013,19.12893,5342919.984,Unimproved
UGA,Uganda,urban,Drinking water,2013,6.57938,487264.9445,Unimproved
UGA,Uganda,total,Drinking water,2014,15.87475,5777700.918,Unimproved
UGA,Uganda,rural,Drinking water,2014,18.43468,5266612.536,Unimproved
UGA,Uganda,urban,Drinking water,2014,6.53024,511088.749,Unimproved
UGA,Uganda,total,Drinking water,2015,15.25663,5726033.443,Unimproved
UGA,Uganda,rural,Drinking water,2015,17.74044,5189435.949,Unimproved
UGA,Uganda,urban,Drinking water,2015,6.48109,536597.8555,Unimproved
UGA,Uganda,total,Drinking water,2016,14.64483,5682070.251,Unimproved
UGA,Uganda,rural,Drinking water,2016,17.0462,5117479.498,Unimproved
UGA,Uganda,urban,Drinking water,2016,6.43195,564591.0299,Unimproved
UGA,Uganda,total,Drinking water,2017,14.03951,5640709.111,Unimproved
UGA,Uganda,rural,Drinking water,2017,16.35196,5045861.79,Unimproved
UGA,Uganda,urban,Drinking water,2017,6.3828,594848.0344,Unimproved
UGA,Uganda,total,Drinking water,2018,13.44101,5586869.577,Unimproved
UGA,Uganda,rural,Drinking water,2018,15.65772,4960986.653,Unimproved
UGA,Uganda,urban,Drinking water,2018,6.33365,625882.8467,Unimproved
UGA,Uganda,total,Drinking water,2019,12.84919,5525105.809,Unimproved
UGA,Uganda,rural,Drinking water,2019,14.96348,4866795.311,Unimproved
UGA,Uganda,urban,Drinking water,2019,6.28451,658311.1413,Unimproved
UGA,Uganda,total,Drinking water,2020,12.26447,5452432.153,Unimproved
UGA,Uganda,rural,Drinking water,2020,14.26924,4760689.692,Unimproved
UGA,Uganda,urban,Drinking water,2020,6.23536,691741.0725,Unimproved
UGA,Uganda,total,Drinking water,2021,11.68694,5365583.766,Unimproved
UGA,Uganda,rural,Drinking water,2021,13.57499,4639839.414,Unimproved
UGA,Uganda,urban,Drinking water,2021,6.18622,725743.5184,Unimproved
UGA,Uganda,total,Drinking water,2022,11.11668,5259601.232,Unimproved
UGA,Uganda,rural,Drinking water,2022,12.88075,4500043.27,Unimproved
UGA,Uganda,urban,Drinking water,2022,6.13707,759556.7764,Unimproved
UGA,Uganda,total,Drinking water,2024,9.99861,5000814.097,Unimproved
UGA,Uganda,rural,Drinking water,2024,11.49227,4173585.365,Unimproved
UGA,Uganda,urban,Drinking water,2024,6.03878,827230.3856,Unimproved
ZAF,South Africa,total,Drinking water,2000,4.22604,1992988.339,Unimproved
ZAF,South Africa,rural,Drinking water,2000,8.88941,1807224.167,Unimproved
ZAF,South Africa,urban,Drinking water,2000,0.69239,185765.8711,Unimproved
ZAF,South Africa,total,Drinking water,2001,4.07388,1937813.561,Unimproved
ZAF,South Africa,rural,Drinking water,2001,8.64989,1754084.297,Unimproved
ZAF,South Africa,urban,Drinking water,2001,0.6733,183729.9058,Unimproved
ZAF,South Africa,total,Drinking water,2002,3.91971,1882219.995,Unimproved
ZAF,South Africa,rural,Drinking water,2002,8.41038,1700337.863,Unimproved
ZAF,South Africa,urban,Drinking water,2002,0.6542,181883.0714,Unimproved
ZAF,South Africa,total,Drinking water,2003,3.76652,1826774.313,Unimproved
ZAF,South Africa,rural,Drinking water,2003,8.17087,1646743.097,Unimproved
ZAF,South Africa,urban,Drinking water,2003,0.63511,180030.8759,Unimproved
ZAF,South Africa,total,Drinking water,2004,3.61581,1771438.339,Unimproved
ZAF,South Africa,rural,Drinking water,2004,7.93135,1593402.054,Unimproved
ZAF,South Africa,urban,Drinking water,2004,0.61601,178037.1411,Unimproved
ZAF,South Africa,total,Drinking water,2005,3.46781,1716219.254,Unimproved
ZAF,South Africa,rural,Drinking water,2005,7.69184,1540340.908,Unimproved
ZAF,South Africa,urban,Drinking water,2005,0.59692,175878.5228,Unimproved
ZAF,South Africa,total,Drinking water,2006,3.32233,1661108.563,Unimproved
ZAF,South Africa,rural,Drinking water,2006,7.45233,1487544.977,Unimproved
ZAF,South Africa,urban,Drinking water,2006,0.57782,173563.8872,Unimproved
ZAF,South Africa,total,Drinking water,2007,3.17937,1606492.922,Unimproved
ZAF,South Africa,rural,Drinking water,2007,7.21281,1435362.711,Unimproved
ZAF,South Africa,urban,Drinking water,2007,0.55873,171130.2126,Unimproved
ZAF,South Africa,total,Drinking water,2008,3.03886,1553298.988,Unimproved
ZAF,South Africa,rural,Drinking water,2008,6.9733,1384616.751,Unimproved
ZAF,South Africa,urban,Drinking water,2008,0.53964,168682.8021,Unimproved
ZAF,South Africa,total,Drinking water,2009,2.90102,1500656.069,Unimproved
ZAF,South Africa,rural,Drinking water,2009,6.73379,1334552.144,Unimproved
ZAF,South Africa,urban,Drinking water,2009,0.52054,166103.6702,Unimproved
ZAF,South Africa,total,Drinking water,2010,2.76566,1447657.073,Unimproved
ZAF,South Africa,rural,Drinking water,2010,6.49427,1284348.3,Unimproved
ZAF,South Africa,urban,Drinking water,2010,0.50145,163308.4987,Unimproved
ZAF,South Africa,total,Drinking water,2011,2.63281,1395260.511,Unimproved
ZAF,South Africa,rural,Drinking water,2011,6.25476,1234866.733,Unimproved
ZAF,South Africa,urban,Drinking water,2011,0.48235,160393.8614,Unimproved
ZAF,South Africa,total,Drinking water,2012,2.50239,1345851.576,Unimproved
ZAF,South Africa,rural,Drinking water,2012,6.01525,1188207.241,Unimproved
ZAF,South Africa,urban,Drinking water,2012,0.46326,157643.7558,Unimproved
ZAF,South Africa,total,Drinking water,2013,2.37457,1298385.525,Unimproved
ZAF,South Africa,rural,Drinking water,2013,5.77573,1143453.574,Unimproved
ZAF,South Africa,urban,Drinking water,2013,0.44416,154930.0917,Unimproved
ZAF,South Africa,total,Drinking water,2014,2.24914,1250404.081,Unimproved
ZAF,South Africa,rural,Drinking water,2014,5.53622,1098423.747,Unimproved
ZAF,South Africa,urban,Drinking water,2014,0.42507,151980.2478,Unimproved
ZAF,South Africa,total,Drinking water,2015,2.12615,1206025.352,Unimproved
ZAF,South Africa,rural,Drinking water,2015,5.29671,1056735.136,Unimproved
ZAF,South Africa,urban,Drinking water,2015,0.40598,149288.4439,Unimproved
ZAF,South Africa,total,Drinking water,2016,2.00556,1148377.242,Unimproved
ZAF,South Africa,rural,Drinking water,2016,5.05719,1003629.287,Unimproved
ZAF,South Africa,urban,Drinking water,2016,0.38688,144747.736,Unimproved
ZAF,South Africa,total,Drinking water,2017,1.88743,1087822.187,Unimproved
ZAF,South Africa,rural,Drinking water,2017,4.81768,948234.9334,Unimproved
ZAF,South Africa,urban,Drinking water,2017,0.36779,139585.4053,Unimproved
ZAF,South Africa,total,Drinking water,2018,1.7717,1038446.711,Unimproved
ZAF,South Africa,rural,Drinking water,2018,4.57816,902829.7684,Unimproved
ZAF,South Africa,urban,Drinking water,2018,0.34869,135615.9527,Unimproved
ZAF,South Africa,total,Drinking water,2019,1.65836,988181.1544,Unimproved
ZAF,South Africa,rural,Drinking water,2019,4.33865,856875.1261,Unimproved
ZAF,South Africa,urban,Drinking water,2019,0.3296,131305.7723,Unimproved
ZAF,South Africa,total,Drinking water,2020,1.54734,937105.0349,Unimproved
ZAF,South Africa,rural,Drinking water,2020,4.09914,810448.4705,Unimproved
ZAF,South Africa,urban,Drinking water,2020,0.3105,126658.3942,Unimproved
ZAF,South Africa,total,Drinking water,2021,1.4387,884836.0613,Unimproved
ZAF,South Africa,rural,Drinking water,2021,3.85962,763237.8958,Unimproved
ZAF,South Africa,urban,Drinking water,2021,0.29141,121598.6182,Unimproved
ZAF,South Africa,total,Drinking water,2022,1.33239,831126.4772,Unimproved
ZAF,South Africa,rural,Drinking water,2022,3.62011,715048.5846,Unimproved
ZAF,South Africa,urban,Drinking water,2022,0.27232,116078.0788,Unimproved
ZAF,South Africa,total,Drinking water,2024,1.12662,721119.6771,Unimproved
ZAF,South Africa,rural,Drinking water,2024,3.14108,617269.5705,Unimproved
ZAF,South Africa,urban,Drinking water,2024,0.23413,103848.7078,Unimproved
